Latitude,Longitude,Elevation (m),Time,Strecke Delta (km),Distanz (km),Aufstieg (m)
43.318931,11.330955,336.300000,2024-11-06 15:21:26+00:00,0.000000,0.000000,0.000000
43.318800,11.330767,335.900000,2024-11-06 15:21:39+00:00,0.021080,0.021080,0.000000
43.319023,11.330409,335.600000,2024-11-06 15:21:52+00:00,0.038172,0.059253,0.000000
43.319134,11.330592,335.800000,2024-11-06 15:21:59+00:00,0.019299,0.078552,0.200000
43.319253,11.330776,336.900000,2024-11-06 15:22:06+00:00,0.019939,0.098491,1.100000
43.319343,11.330866,337.500000,2024-11-06 15:22:10+00:00,0.012380,0.110871,0.600000
43.319440,11.330897,337.900000,2024-11-06 15:22:14+00:00,0.011066,0.121937,0.400000
43.319595,11.330864,338.200000,2024-11-06 15:22:20+00:00,0.017427,0.139364,0.300000
43.319702,11.330858,338.200000,2024-11-06 15:22:24+00:00,0.011898,0.151262,0.000000
43.319828,11.330851,338.200000,2024-11-06 15:22:29+00:00,0.014010,0.165272,0.000000
43.320013,11.330795,337.700000,2024-11-06 15:22:36+00:00,0.021049,0.186321,0.000000
43.320084,11.330756,337.500000,2024-11-06 15:22:39+00:00,0.008499,0.194820,0.000000
43.320226,11.330668,337.200000,2024-11-06 15:22:45+00:00,0.017316,0.212136,0.000000
43.320366,11.330605,336.700000,2024-11-06 15:22:50+00:00,0.016372,0.228508,0.000000
43.320490,11.330545,336.300000,2024-11-06 15:22:55+00:00,0.014611,0.243118,0.000000
43.320572,11.330479,336.100000,2024-11-06 15:22:58+00:00,0.010567,0.253685,0.000000
43.320592,11.330457,336.000000,2024-11-06 15:22:58+00:00,0.002850,0.256535,0.000000
43.320660,11.330369,336.000000,2024-11-06 15:23:01+00:00,0.001477,0.266930,0.000000
43.320650,11.330381,336.000000,2024-11-06 15:23:01+00:00,0.008918,0.265453,0.000000
43.320689,11.330342,336.000000,2024-11-06 15:23:02+00:00,0.003896,0.270826,0.000000
43.320973,11.330066,337.400000,2024-11-06 15:23:13+00:00,0.038688,0.309513,1.400000
43.321115,11.330410,341.600000,2024-11-06 15:23:22+00:00,0.032055,0.341568,4.200000
43.321132,11.330452,342.100000,2024-11-06 15:23:24+00:00,0.003895,0.345463,0.500000
43.321303,11.330286,341.800000,2024-11-06 15:23:31+00:00,0.023286,0.368749,0.000000
43.321494,11.330103,341.000000,2024-11-06 15:23:38+00:00,0.025896,0.394646,0.000000
43.321601,11.329987,340.400000,2024-11-06 15:23:42+00:00,0.015161,0.409807,0.000000
43.321637,11.329940,340.100000,2024-11-06 15:23:44+00:00,0.005525,0.415332,0.000000
43.321760,11.329751,339.300000,2024-11-06 15:23:48+00:00,0.020537,0.435869,0.000000
43.321809,11.329673,339.200000,2024-11-06 15:23:50+00:00,0.008347,0.444215,0.000000
43.322102,11.329302,339.400000,2024-11-06 15:23:59+00:00,0.044331,0.488546,0.200000
43.322462,11.328843,341.100000,2024-11-06 15:24:09+00:00,0.054643,0.543189,1.700000
43.322688,11.328668,342.400000,2024-11-06 15:24:15+00:00,0.028843,0.572032,1.300000
43.323211,11.328360,342.000000,2024-11-06 15:24:27+00:00,0.063248,0.635280,0.000000
43.323584,11.328069,340.200000,2024-11-06 15:24:37+00:00,0.047691,0.682971,0.000000
43.323718,11.328032,339.500000,2024-11-06 15:24:40+00:00,0.015187,0.698157,0.000000
43.324150,11.327913,339.600000,2024-11-06 15:24:50+00:00,0.048956,0.747113,0.100000
43.324418,11.327801,340.600000,2024-11-06 15:24:56+00:00,0.031130,0.778243,1.000000
43.324690,11.327700,341.600000,2024-11-06 15:25:03+00:00,0.031310,0.809552,1.000000
43.324742,11.327822,341.700000,2024-11-06 15:25:06+00:00,0.011458,0.821011,0.100000
43.324800,11.327888,341.900000,2024-11-06 15:25:08+00:00,0.008377,0.829388,0.200000
43.325017,11.328043,342.800000,2024-11-06 15:25:14+00:00,0.027190,0.856578,0.900000
43.325247,11.327890,343.800000,2024-11-06 15:25:20+00:00,0.028407,0.884985,1.000000
43.325379,11.327854,344.100000,2024-11-06 15:25:23+00:00,0.014953,0.899938,0.300000
43.325532,11.327862,344.400000,2024-11-06 15:25:27+00:00,0.017011,0.916948,0.300000
43.325811,11.327844,344.900000,2024-11-06 15:25:34+00:00,0.031031,0.947979,0.500000
43.325952,11.327805,345.200000,2024-11-06 15:25:38+00:00,0.015981,0.963960,0.300000
43.326077,11.327730,345.400000,2024-11-06 15:25:41+00:00,0.015161,0.979122,0.200000
43.326180,11.327627,345.700000,2024-11-06 15:25:45+00:00,0.014168,0.993290,0.300000
43.326349,11.327321,346.100000,2024-11-06 15:25:52+00:00,0.031121,1.024411,0.400000
43.326447,11.327068,346.500000,2024-11-06 15:25:56+00:00,0.023230,1.047641,0.400000
43.326461,11.327020,346.600000,2024-11-06 15:25:57+00:00,0.004192,1.051833,0.100000
43.326516,11.326866,346.700000,2024-11-06 15:26:00+00:00,0.013905,1.065738,0.100000
43.326593,11.326652,347.000000,2024-11-06 15:26:04+00:00,0.019351,1.085089,0.300000
43.326836,11.326383,346.900000,2024-11-06 15:26:12+00:00,0.034711,1.119800,0.000000
43.326965,11.326309,346.900000,2024-11-06 15:26:16+00:00,0.015538,1.135338,0.000000
43.327082,11.326358,346.900000,2024-11-06 15:26:19+00:00,0.013593,1.148930,0.000000
43.327157,11.326226,346.800000,2024-11-06 15:26:21+00:00,0.013567,1.162497,0.000000
43.327401,11.325807,346.200000,2024-11-06 15:26:30+00:00,0.043471,1.205968,0.000000
43.327499,11.325606,345.800000,2024-11-06 15:26:34+00:00,0.019604,1.225572,0.000000
43.327634,11.325361,345.500000,2024-11-06 15:26:38+00:00,0.024896,1.250468,0.000000
43.327648,11.325339,345.300000,2024-11-06 15:26:39+00:00,0.002367,1.252835,0.000000
43.327718,11.325245,345.000000,2024-11-06 15:26:41+00:00,0.010891,1.263726,0.000000
43.327882,11.324835,344.500000,2024-11-06 15:26:48+00:00,0.037918,1.301644,0.000000
43.328043,11.324332,344.000000,2024-11-06 15:26:56+00:00,0.044545,1.346189,0.000000
43.328066,11.324263,343.900000,2024-11-06 15:26:57+00:00,0.006152,1.352341,0.000000
43.328345,11.323387,343.000000,2024-11-06 15:27:10+00:00,0.077516,1.429857,0.000000
43.328447,11.323069,342.700000,2024-11-06 15:27:16+00:00,0.028171,1.458028,0.000000
43.328477,11.322976,342.600000,2024-11-06 15:27:17+00:00,0.008246,1.466274,0.000000
43.328516,11.322854,342.500000,2024-11-06 15:27:19+00:00,0.010802,1.477076,0.000000
43.328730,11.322178,341.900000,2024-11-06 15:27:30+00:00,0.059760,1.536836,0.000000
43.328762,11.322102,341.800000,2024-11-06 15:27:32+00:00,0.007116,1.543952,0.000000
43.328868,11.321892,341.400000,2024-11-06 15:27:36+00:00,0.020707,1.564659,0.000000
43.328963,11.321728,341.100000,2024-11-06 15:27:39+00:00,0.016980,1.581639,0.000000
43.329046,11.321572,340.800000,2024-11-06 15:27:41+00:00,0.015656,1.597295,0.000000
43.329200,11.321029,340.000000,2024-11-06 15:27:50+00:00,0.047246,1.644541,0.000000
43.329211,11.320989,339.900000,2024-11-06 15:27:50+00:00,0.003467,1.648008,0.000000
43.329245,11.320892,339.700000,2024-11-06 15:27:52+00:00,0.008727,1.656735,0.000000
43.329648,11.320021,337.600000,2024-11-06 15:28:05+00:00,0.083635,1.740370,0.000000
43.329733,11.319842,337.500000,2024-11-06 15:28:08+00:00,0.017319,1.757689,0.000000
43.329810,11.319683,337.400000,2024-11-06 15:28:11+00:00,0.015475,1.773164,0.000000
43.330100,11.319082,336.600000,2024-11-06 15:28:20+00:00,0.003803,1.831593,0.000000
43.330081,11.319121,336.600000,2024-11-06 15:28:20+00:00,0.054626,1.827790,0.000000
43.330759,11.317733,335.000000,2024-11-06 15:28:42+00:00,0.131645,1.963238,0.000000
43.330787,11.317676,335.000000,2024-11-06 15:28:42+00:00,0.005572,1.968810,0.000000
43.331229,11.316756,335.100000,2024-11-06 15:28:58+00:00,0.089323,2.058133,0.100000
43.331252,11.316708,335.100000,2024-11-06 15:28:58+00:00,0.004657,2.062789,0.000000
43.331419,11.316367,335.400000,2024-11-06 15:29:05+00:00,0.033303,2.096092,0.300000
43.331614,11.315967,335.900000,2024-11-06 15:29:12+00:00,0.039009,2.135101,0.500000
43.331915,11.315272,337.200000,2024-11-06 15:29:29+00:00,0.065539,2.200640,1.300000
43.331945,11.315173,337.400000,2024-11-06 15:29:32+00:00,0.008693,2.209333,0.200000
43.331981,11.315042,337.500000,2024-11-06 15:29:36+00:00,0.011352,2.220685,0.100000
43.332048,11.314784,337.900000,2024-11-06 15:29:43+00:00,0.022209,2.242894,0.400000
43.332113,11.314405,338.500000,2024-11-06 15:29:54+00:00,0.031574,2.274468,0.600000
43.332181,11.313776,339.500000,2024-11-06 15:30:14+00:00,0.051569,2.326036,1.000000
43.332255,11.313062,340.800000,2024-11-06 15:30:36+00:00,0.058486,2.384523,1.300000
43.332276,11.313028,341.100000,2024-11-06 15:30:38+00:00,0.003612,2.388135,0.300000
43.332295,11.312808,341.500000,2024-11-06 15:30:45+00:00,0.017966,2.406101,0.400000
43.332327,11.312499,342.100000,2024-11-06 15:30:54+00:00,0.025311,2.431412,0.600000
43.332355,11.312245,342.100000,2024-11-06 15:31:01+00:00,0.020833,2.452245,0.000000
43.332475,11.311864,342.700000,2024-11-06 15:31:12+00:00,0.033653,2.485898,0.600000
43.332545,11.311697,342.800000,2024-11-06 15:31:17+00:00,0.015618,2.501515,0.100000
43.332706,11.311412,343.200000,2024-11-06 15:31:25+00:00,0.029226,2.530742,0.400000
43.332997,11.311042,342.500000,2024-11-06 15:31:37+00:00,0.044109,2.574851,0.000000
43.333833,11.310057,339.400000,2024-11-06 15:32:00+00:00,0.122506,2.697357,0.000000
43.333986,11.309870,339.100000,2024-11-06 15:32:04+00:00,0.022780,2.720137,0.000000
43.334161,11.309708,338.900000,2024-11-06 15:32:08+00:00,0.023465,2.743602,0.000000
43.334241,11.309624,338.900000,2024-11-06 15:32:09+00:00,0.011198,2.754800,0.000000
43.334264,11.309596,338.900000,2024-11-06 15:32:10+00:00,0.003418,2.758218,0.000000
43.334366,11.309476,338.500000,2024-11-06 15:32:12+00:00,0.014937,2.773156,0.000000
43.334638,11.309218,338.400000,2024-11-06 15:32:18+00:00,0.036755,2.809911,0.000000
43.334782,11.309106,338.500000,2024-11-06 15:32:21+00:00,0.018397,2.828308,0.100000
43.335467,11.308596,339.200000,2024-11-06 15:32:42+00:00,0.086616,2.914923,0.700000
43.335540,11.308518,339.400000,2024-11-06 15:32:45+00:00,0.010285,2.925209,0.200000
43.336319,11.307942,343.300000,2024-11-06 15:33:16+00:00,0.098347,3.023556,3.900000
43.337060,11.307450,346.900000,2024-11-06 15:33:44+00:00,0.091483,3.115039,3.600000
43.337574,11.307136,348.400000,2024-11-06 15:33:58+00:00,0.062525,3.177564,1.500000
43.338321,11.306862,348.800000,2024-11-06 15:34:17+00:00,0.085914,3.263479,0.400000
43.338422,11.306769,348.500000,2024-11-06 15:34:19+00:00,0.013520,3.276998,0.000000
43.338535,11.306570,348.200000,2024-11-06 15:34:23+00:00,0.020446,3.297444,0.000000
43.338781,11.306075,345.900000,2024-11-06 15:34:31+00:00,0.048561,3.346005,0.000000
43.338881,11.305972,345.200000,2024-11-06 15:34:33+00:00,0.013899,3.359905,0.000000
43.339015,11.305906,344.400000,2024-11-06 15:34:36+00:00,0.015820,3.375725,0.000000
43.339168,11.305880,343.900000,2024-11-06 15:34:38+00:00,0.017128,3.392853,0.000000
43.339463,11.305862,342.800000,2024-11-06 15:34:44+00:00,0.032807,3.425660,0.000000
43.339598,11.305857,342.500000,2024-11-06 15:34:46+00:00,0.015004,3.440664,0.000000
43.339711,11.305853,342.200000,2024-11-06 15:34:48+00:00,0.012558,3.453222,0.000000
43.340313,11.305891,341.000000,2024-11-06 15:34:58+00:00,0.066953,3.520175,0.000000
43.340366,11.305897,341.000000,2024-11-06 15:34:59+00:00,0.005908,3.526083,0.000000
43.340755,11.305937,340.200000,2024-11-06 15:35:06+00:00,0.043339,3.569423,0.000000
43.340983,11.305957,339.800000,2024-11-06 15:35:10+00:00,0.025383,3.594805,0.000000
43.341078,11.305965,339.700000,2024-11-06 15:35:12+00:00,0.010574,3.605380,0.000000
43.341492,11.305998,339.200000,2024-11-06 15:35:19+00:00,0.046073,3.651452,0.000000
43.341760,11.306000,339.000000,2024-11-06 15:35:24+00:00,0.029775,3.681228,0.000000
43.342219,11.305964,338.600000,2024-11-06 15:35:32+00:00,0.051078,3.732306,0.000000
43.342314,11.305952,338.500000,2024-11-06 15:35:34+00:00,0.003459,3.742905,0.000000
43.342283,11.305956,338.500000,2024-11-06 15:35:34+00:00,0.007140,3.739446,0.000000
43.342475,11.305969,338.400000,2024-11-06 15:35:37+00:00,0.017940,3.760845,0.000000
43.342813,11.305945,338.300000,2024-11-06 15:35:44+00:00,0.037602,3.798447,0.000000
43.342921,11.305914,338.300000,2024-11-06 15:35:47+00:00,0.012259,3.810706,0.000000
43.342994,11.305881,338.300000,2024-11-06 15:35:49+00:00,0.008540,3.819246,0.000000
43.343149,11.305804,338.200000,2024-11-06 15:35:54+00:00,0.018317,3.837564,0.000000
43.343255,11.305825,338.100000,2024-11-06 15:35:57+00:00,0.011899,3.849463,0.000000
43.343340,11.305808,338.000000,2024-11-06 15:36:00+00:00,0.009544,3.859006,0.000000
43.343414,11.305667,337.400000,2024-11-06 15:36:05+00:00,0.014082,3.873088,0.000000
43.343523,11.305516,337.300000,2024-11-06 15:36:11+00:00,0.017221,3.890309,0.000000
43.343617,11.305309,337.200000,2024-11-06 15:36:18+00:00,0.019768,3.910078,0.000000
43.343691,11.305010,338.000000,2024-11-06 15:36:28+00:00,0.025600,3.935678,0.800000
43.343698,11.304978,338.000000,2024-11-06 15:36:29+00:00,0.002709,3.938387,0.000000
43.343706,11.304936,337.800000,2024-11-06 15:36:30+00:00,0.003520,3.941907,0.000000
43.343796,11.304434,338.000000,2024-11-06 15:36:48+00:00,0.041915,3.983821,0.200000
43.344142,11.302460,347.800000,2024-11-06 15:38:00+00:00,0.164612,4.148434,9.800000
43.344285,11.301779,350.900000,2024-11-06 15:38:16+00:00,0.057458,4.205892,3.100000
43.344429,11.301081,353.900000,2024-11-06 15:38:28+00:00,0.058814,4.264707,3.000000
43.344456,11.300912,354.300000,2024-11-06 15:38:31+00:00,0.014028,4.278734,0.400000
43.344464,11.300857,354.400000,2024-11-06 15:38:33+00:00,0.004547,4.283282,0.100000
43.344527,11.300174,356.300000,2024-11-06 15:38:48+00:00,0.055821,4.339102,1.900000
43.344530,11.300107,356.300000,2024-11-06 15:38:50+00:00,0.005443,4.344545,0.000000
43.344583,11.298988,357.900000,2024-11-06 15:39:24+00:00,0.090924,4.435469,1.600000
43.344709,11.298607,358.100000,2024-11-06 15:39:40+00:00,0.033917,4.469385,0.200000
43.344765,11.298565,358.100000,2024-11-06 15:39:43+00:00,0.007093,4.476478,0.000000
43.344803,11.298476,358.100000,2024-11-06 15:39:47+00:00,0.008361,4.484839,0.000000
43.344800,11.298373,358.100000,2024-11-06 15:39:51+00:00,0.008358,4.493197,0.000000
43.344770,11.298306,358.300000,2024-11-06 15:39:54+00:00,0.006374,4.499571,0.200000
43.344781,11.298213,358.500000,2024-11-06 15:39:57+00:00,0.007639,4.507210,0.200000
43.344831,11.297983,359.300000,2024-11-06 15:40:04+00:00,0.019459,4.526669,0.800000
43.344936,11.297636,360.800000,2024-11-06 15:40:14+00:00,0.030458,4.557127,1.500000
43.345025,11.297112,362.500000,2024-11-06 15:40:24+00:00,0.043623,4.600750,1.700000
43.345086,11.296820,362.900000,2024-11-06 15:40:29+00:00,0.024627,4.625377,0.400000
43.345105,11.296728,363.000000,2024-11-06 15:40:31+00:00,0.007753,4.633130,0.100000
43.345203,11.296148,363.500000,2024-11-06 15:40:40+00:00,0.048272,4.681402,0.500000
43.345306,11.295601,363.800000,2024-11-06 15:40:49+00:00,0.045805,4.727207,0.300000
43.345449,11.295017,364.200000,2024-11-06 15:41:03+00:00,0.049946,4.777153,0.400000
43.345493,11.294691,365.000000,2024-11-06 15:41:15+00:00,0.026881,4.804034,0.800000
43.345493,11.294305,366.200000,2024-11-06 15:41:28+00:00,0.031298,4.835332,1.200000
43.345485,11.294201,366.300000,2024-11-06 15:41:32+00:00,0.008479,4.843811,0.100000
43.345444,11.293759,367.800000,2024-11-06 15:41:47+00:00,0.036127,4.879938,1.500000
43.345361,11.293305,369.400000,2024-11-06 15:41:59+00:00,0.037949,4.917887,1.600000
43.345187,11.292615,370.200000,2024-11-06 15:42:12+00:00,0.059193,4.977080,0.800000
43.344883,11.291510,366.900000,2024-11-06 15:42:26+00:00,0.095751,5.072831,0.000000
43.344626,11.290580,363.900000,2024-11-06 15:42:37+00:00,0.080632,5.153464,0.000000
43.344302,11.289521,357.400000,2024-11-06 15:42:49+00:00,0.093108,5.246571,0.000000
43.343947,11.288189,348.900000,2024-11-06 15:43:05+00:00,0.114980,5.361552,0.000000
43.343888,11.287584,346.700000,2024-11-06 15:43:13+00:00,0.049492,5.411044,0.000000
43.343894,11.287456,346.300000,2024-11-06 15:43:14+00:00,0.010400,5.421444,0.000000
43.343951,11.287084,345.500000,2024-11-06 15:43:19+00:00,0.030821,5.452265,0.000000
43.344023,11.286629,344.100000,2024-11-06 15:43:25+00:00,0.037751,5.490016,0.000000
43.344022,11.286442,343.800000,2024-11-06 15:43:27+00:00,0.015163,5.505179,0.000000
43.344033,11.286162,343.900000,2024-11-06 15:43:31+00:00,0.022737,5.527916,0.100000
43.344065,11.286043,344.000000,2024-11-06 15:43:32+00:00,0.010283,5.538199,0.100000
43.344091,11.286028,344.400000,2024-11-06 15:43:33+00:00,0.003134,5.541333,0.400000
43.344165,11.285899,343.500000,2024-11-06 15:43:34+00:00,0.013304,5.554637,0.000000
43.344170,11.285855,343.700000,2024-11-06 15:43:35+00:00,0.003611,5.558248,0.200000
43.344137,11.285716,342.800000,2024-11-06 15:43:37+00:00,0.011852,5.570100,0.000000
43.344098,11.285670,342.900000,2024-11-06 15:43:37+00:00,0.005717,5.575817,0.100000
43.344072,11.285561,342.300000,2024-11-06 15:43:39+00:00,0.009298,5.585116,0.000000
43.344094,11.285233,340.500000,2024-11-06 15:43:43+00:00,0.026708,5.611823,0.000000
43.344131,11.285005,340.400000,2024-11-06 15:43:46+00:00,0.018939,5.630762,0.000000
43.344147,11.284631,340.400000,2024-11-06 15:43:51+00:00,0.030378,5.661140,0.000000
43.344143,11.284519,340.400000,2024-11-06 15:43:53+00:00,0.009092,5.670232,0.000000
43.344140,11.284444,340.400000,2024-11-06 15:43:54+00:00,0.006090,5.676323,0.000000
43.344102,11.284240,340.500000,2024-11-06 15:43:56+00:00,0.017071,5.693394,0.100000
43.343990,11.283865,340.500000,2024-11-06 15:44:02+00:00,0.032854,5.726248,0.000000
43.343912,11.283601,340.400000,2024-11-06 15:44:07+00:00,0.023094,5.749342,0.000000
43.343874,11.283469,340.300000,2024-11-06 15:44:10+00:00,0.011506,5.760848,0.000000
43.343823,11.283306,340.200000,2024-11-06 15:44:13+00:00,0.014380,5.775228,0.000000
43.343810,11.283260,340.200000,2024-11-06 15:44:14+00:00,0.004000,5.779228,0.000000
43.343756,11.283074,340.000000,2024-11-06 15:44:18+00:00,0.016231,5.795459,0.000000
43.343639,11.282571,339.500000,2024-11-06 15:44:29+00:00,0.042807,5.838266,0.000000
43.343606,11.282252,339.400000,2024-11-06 15:44:34+00:00,0.026125,5.864391,0.000000
43.343677,11.281796,339.400000,2024-11-06 15:44:43+00:00,0.037807,5.902198,0.000000
43.343763,11.281554,339.400000,2024-11-06 15:44:48+00:00,0.021825,5.924023,0.000000
43.343852,11.281379,339.600000,2024-11-06 15:44:52+00:00,0.017295,5.941318,0.200000
43.344062,11.281161,339.900000,2024-11-06 15:45:01+00:00,0.029271,5.970589,0.300000
43.344745,11.280677,341.900000,2024-11-06 15:45:27+00:00,0.085429,6.056017,2.000000
43.344851,11.280600,342.300000,2024-11-06 15:45:32+00:00,0.013329,6.069347,0.400000
43.344954,11.280512,342.600000,2024-11-06 15:45:36+00:00,0.013486,6.082832,0.300000
43.345508,11.279976,344.500000,2024-11-06 15:45:54+00:00,0.075347,6.158179,1.900000
43.345651,11.279919,343.800000,2024-11-06 15:45:57+00:00,0.016546,6.174725,0.000000
43.346017,11.279908,341.600000,2024-11-06 15:46:04+00:00,0.040672,6.215397,0.000000
43.346233,11.279858,340.100000,2024-11-06 15:46:07+00:00,0.024338,6.239734,0.000000
43.346750,11.279419,336.700000,2024-11-06 15:46:17+00:00,0.067573,6.307308,0.000000
43.347016,11.279117,335.900000,2024-11-06 15:46:22+00:00,0.038379,6.345686,0.000000
43.347227,11.278794,335.200000,2024-11-06 15:46:27+00:00,0.035148,6.380834,0.000000
43.347274,11.278719,335.100000,2024-11-06 15:46:28+00:00,0.008015,6.388850,0.000000
43.347310,11.278664,334.900000,2024-11-06 15:46:29+00:00,0.005990,6.394840,0.000000
43.347417,11.278501,333.700000,2024-11-06 15:46:31+00:00,0.017776,6.412616,0.000000
43.347902,11.277769,327.300000,2024-11-06 15:46:42+00:00,0.080162,6.492777,0.000000
43.348170,11.277317,325.200000,2024-11-06 15:46:49+00:00,0.047219,6.539996,0.000000
43.348592,11.276576,323.300000,2024-11-06 15:47:00+00:00,0.076208,6.616204,0.000000
43.348797,11.276063,322.400000,2024-11-06 15:47:08+00:00,0.047421,6.663624,0.000000
43.348940,11.275843,322.800000,2024-11-06 15:47:12+00:00,0.023887,6.687511,0.400000
43.349005,11.275804,322.900000,2024-11-06 15:47:13+00:00,0.007883,6.695394,0.100000
43.349045,11.275673,322.900000,2024-11-06 15:47:15+00:00,0.011513,6.706908,0.000000
43.349150,11.275519,322.900000,2024-11-06 15:47:18+00:00,0.017087,6.723995,0.000000
43.349162,11.275501,322.900000,2024-11-06 15:47:18+00:00,0.001977,6.725972,0.000000
43.349249,11.275360,322.500000,2024-11-06 15:47:21+00:00,0.014970,6.740942,0.000000
43.349340,11.275206,322.200000,2024-11-06 15:47:23+00:00,0.016066,6.757008,0.000000
43.350217,11.273664,313.000000,2024-11-06 15:47:46+00:00,0.158504,6.915513,0.000000
43.350259,11.273589,313.100000,2024-11-06 15:47:47+00:00,0.007665,6.923177,0.100000
43.350491,11.273181,308.400000,2024-11-06 15:47:52+00:00,0.041935,6.965113,0.000000
43.350724,11.272652,303.500000,2024-11-06 15:47:59+00:00,0.050096,7.015208,0.000000
43.351044,11.271495,295.500000,2024-11-06 15:48:12+00:00,0.100315,7.115524,0.000000
43.351105,11.271346,294.500000,2024-11-06 15:48:14+00:00,0.013851,7.129375,0.000000
43.351142,11.271301,294.000000,2024-11-06 15:48:14+00:00,0.005496,7.134871,0.000000
43.351230,11.271276,293.100000,2024-11-06 15:48:16+00:00,0.009985,7.144856,0.000000
43.351438,11.271346,291.000000,2024-11-06 15:48:19+00:00,0.023795,7.168651,0.000000
43.351772,11.270974,287.200000,2024-11-06 15:48:31+00:00,0.047818,7.216469,0.000000
43.351880,11.270803,286.200000,2024-11-06 15:48:35+00:00,0.018335,7.234804,0.000000
43.351906,11.270709,285.900000,2024-11-06 15:48:37+00:00,0.008150,7.242954,0.000000
43.351915,11.270524,285.300000,2024-11-06 15:48:41+00:00,0.015032,7.257986,0.000000
43.351864,11.270157,283.900000,2024-11-06 15:48:49+00:00,0.030289,7.288275,0.000000
43.351960,11.270082,283.300000,2024-11-06 15:48:50+00:00,0.012277,7.300552,0.000000
43.352013,11.270001,282.900000,2024-11-06 15:48:51+00:00,0.008820,7.309373,0.000000
43.352046,11.269913,282.600000,2024-11-06 15:48:53+00:00,0.008021,7.317394,0.000000
43.352064,11.269717,281.900000,2024-11-06 15:48:55+00:00,0.016016,7.333410,0.000000
43.351908,11.268629,277.600000,2024-11-06 15:49:08+00:00,0.089895,7.423305,0.000000
43.351919,11.268358,276.800000,2024-11-06 15:49:11+00:00,0.022005,7.445310,0.000000
43.351957,11.268197,276.400000,2024-11-06 15:49:13+00:00,0.013719,7.459029,0.000000
43.352436,11.266489,275.500000,2024-11-06 15:49:37+00:00,0.148348,7.607376,0.000000
43.352734,11.265303,275.400000,2024-11-06 15:49:55+00:00,0.101693,7.709069,0.000000
43.352921,11.264829,275.100000,2024-11-06 15:50:03+00:00,0.043685,7.752754,0.000000
43.353450,11.263745,273.000000,2024-11-06 15:50:20+00:00,0.105723,7.858478,0.000000
43.353545,11.263608,272.700000,2024-11-06 15:50:23+00:00,0.015322,7.873800,0.000000
43.353712,11.263447,272.500000,2024-11-06 15:50:27+00:00,0.022685,7.896485,0.000000
43.354462,11.262894,272.300000,2024-11-06 15:50:45+00:00,0.094620,7.991105,0.000000
43.354675,11.262773,272.400000,2024-11-06 15:50:50+00:00,0.025617,8.016721,0.100000
43.355382,11.262519,271.600000,2024-11-06 15:51:08+00:00,0.081202,8.097923,0.000000
43.356417,11.262346,270.300000,2024-11-06 15:51:31+00:00,0.115840,8.213763,0.000000
43.356673,11.262249,270.300000,2024-11-06 15:51:37+00:00,0.029509,8.243272,0.000000
43.357086,11.261976,270.400000,2024-11-06 15:51:47+00:00,0.050943,8.294215,0.100000
43.357785,11.261233,270.900000,2024-11-06 15:52:05+00:00,0.098279,8.392494,0.500000
43.358365,11.260337,271.800000,2024-11-06 15:52:26+00:00,0.097098,8.489592,0.900000
43.358757,11.259911,272.500000,2024-11-06 15:52:40+00:00,0.055581,8.545174,0.700000
43.359210,11.259460,273.300000,2024-11-06 15:52:59+00:00,0.062206,8.607380,0.800000
43.359580,11.259194,274.000000,2024-11-06 15:53:14+00:00,0.046419,8.653799,0.700000
43.359964,11.259002,274.700000,2024-11-06 15:53:27+00:00,0.045413,8.699212,0.700000
43.360365,11.258909,274.800000,2024-11-06 15:53:40+00:00,0.045184,8.744396,0.100000
43.360577,11.258765,274.400000,2024-11-06 15:53:46+00:00,0.026287,8.770683,0.000000
43.361368,11.257808,274.300000,2024-11-06 15:54:09+00:00,0.117222,8.887905,0.000000
43.361603,11.257473,274.500000,2024-11-06 15:54:16+00:00,0.037671,8.925575,0.200000
43.361682,11.257314,274.700000,2024-11-06 15:54:18+00:00,0.015593,8.941169,0.200000
43.362168,11.256125,275.800000,2024-11-06 15:54:45+00:00,0.110475,9.051644,1.100000
43.362240,11.255975,275.900000,2024-11-06 15:54:50+00:00,0.014554,9.066198,0.100000
43.362517,11.255545,278.300000,2024-11-06 15:55:06+00:00,0.046497,9.112696,2.400000
43.362616,11.255437,279.100000,2024-11-06 15:55:11+00:00,0.014058,9.126753,0.800000
43.362712,11.255382,279.700000,2024-11-06 15:55:16+00:00,0.011560,9.138313,0.600000
43.362931,11.255359,281.100000,2024-11-06 15:55:25+00:00,0.024402,9.162715,1.400000
43.363715,11.255568,285.300000,2024-11-06 15:56:04+00:00,0.088734,9.251450,4.200000
43.363984,11.255526,286.600000,2024-11-06 15:56:16+00:00,0.030079,9.281529,1.300000
43.364193,11.255391,287.700000,2024-11-06 15:56:27+00:00,0.025669,9.307198,1.100000
43.365179,11.254450,292.400000,2024-11-06 15:57:12+00:00,0.133483,9.440682,4.700000
43.365183,11.254101,292.400000,2024-11-06 15:57:20+00:00,0.028292,9.468974,0.000000
43.365251,11.251722,297.900000,2024-11-06 15:58:50+00:00,0.192981,9.661955,5.500000
43.365372,11.251033,300.700000,2024-11-06 15:59:19+00:00,0.057443,9.719398,2.800000
43.365450,11.250787,301.600000,2024-11-06 15:59:31+00:00,0.021741,9.741139,0.900000
43.365573,11.250411,302.500000,2024-11-06 15:59:49+00:00,0.033400,9.774540,0.900000
43.365661,11.249944,303.900000,2024-11-06 16:00:11+00:00,0.039095,9.813635,1.400000
43.365844,11.249331,306.500000,2024-11-06 16:00:43+00:00,0.053686,9.867321,2.600000
43.366164,11.248514,311.000000,2024-11-06 16:01:25+00:00,0.075162,9.942483,4.500000
43.366272,11.248098,313.400000,2024-11-06 16:01:45+00:00,0.035790,9.978273,2.400000
43.366410,11.247660,314.600000,2024-11-06 16:02:05+00:00,0.038671,10.016944,1.200000
43.366506,11.247189,315.800000,2024-11-06 16:02:27+00:00,0.039639,10.056583,1.200000
43.366580,11.247000,316.000000,2024-11-06 16:02:36+00:00,0.017386,10.073969,0.200000
43.366771,11.246702,316.300000,2024-11-06 16:02:54+00:00,0.032151,10.106120,0.300000
43.366925,11.246556,316.500000,2024-11-06 16:03:06+00:00,0.020803,10.126923,0.200000
43.367559,11.246174,319.000000,2024-11-06 16:03:53+00:00,0.076942,10.203865,2.500000
43.367904,11.245921,320.600000,2024-11-06 16:04:18+00:00,0.043470,10.247336,1.600000
43.368142,11.245773,322.100000,2024-11-06 16:04:35+00:00,0.029036,10.276371,1.500000
43.368199,11.245699,322.600000,2024-11-06 16:04:39+00:00,0.008722,10.285093,0.500000
43.368380,11.245370,323.900000,2024-11-06 16:04:56+00:00,0.033399,10.318492,1.300000
43.368700,11.244870,327.000000,2024-11-06 16:05:21+00:00,0.053910,10.372402,3.100000
43.369242,11.244069,328.300000,2024-11-06 16:05:54+00:00,0.088549,10.460951,1.300000
43.369790,11.242660,330.300000,2024-11-06 16:06:44+00:00,0.129416,10.590366,2.000000
43.369893,11.242490,330.200000,2024-11-06 16:06:51+00:00,0.017911,10.608277,0.000000
43.370038,11.242264,329.800000,2024-11-06 16:06:59+00:00,0.024393,10.632671,0.000000
43.370268,11.241928,328.300000,2024-11-06 16:07:12+00:00,0.037344,10.670015,0.000000
43.370475,11.241598,326.800000,2024-11-06 16:07:23+00:00,0.035274,10.705289,0.000000
43.370660,11.241233,325.700000,2024-11-06 16:07:34+00:00,0.036022,10.741311,0.000000
43.370827,11.240812,324.600000,2024-11-06 16:07:45+00:00,0.038840,10.780151,0.000000
43.370973,11.240274,323.900000,2024-11-06 16:07:59+00:00,0.046524,10.826674,0.000000
43.371071,11.239647,323.900000,2024-11-06 16:08:14+00:00,0.051971,10.878645,0.000000
43.371126,11.239512,323.900000,2024-11-06 16:08:17+00:00,0.012532,10.891177,0.000000
43.371913,11.237918,318.100000,2024-11-06 16:09:00+00:00,0.155997,11.047175,0.000000
43.372405,11.236701,310.800000,2024-11-06 16:09:27+00:00,0.112768,11.159942,0.000000
43.372759,11.236253,303.300000,2024-11-06 16:09:39+00:00,0.053527,11.213469,0.000000
43.373224,11.235765,296.300000,2024-11-06 16:09:54+00:00,0.065063,11.278532,0.000000
43.373801,11.235268,290.500000,2024-11-06 16:10:11+00:00,0.075709,11.354241,0.000000
43.374134,11.235048,287.800000,2024-11-06 16:10:21+00:00,0.041069,11.395310,0.000000
43.374401,11.235146,285.100000,2024-11-06 16:10:28+00:00,0.030709,11.426018,0.000000
43.374593,11.235179,284.000000,2024-11-06 16:10:34+00:00,0.021498,11.447516,0.000000
43.374734,11.235166,283.200000,2024-11-06 16:10:38+00:00,0.015700,11.463217,0.000000
43.374813,11.235126,282.800000,2024-11-06 16:10:40+00:00,0.009356,11.472573,0.000000
43.375164,11.234739,280.900000,2024-11-06 16:10:52+00:00,0.050044,11.522617,0.000000
43.375232,11.234693,280.500000,2024-11-06 16:10:54+00:00,0.008425,11.531042,0.000000
43.375609,11.234588,278.700000,2024-11-06 16:11:05+00:00,0.042740,11.573782,0.000000
43.375735,11.234627,278.000000,2024-11-06 16:11:09+00:00,0.014351,11.588133,0.000000
43.375972,11.234817,276.600000,2024-11-06 16:11:17+00:00,0.030503,11.618636,0.000000
43.376339,11.235141,274.200000,2024-11-06 16:11:29+00:00,0.048497,11.667133,0.000000
43.376418,11.235252,273.500000,2024-11-06 16:11:33+00:00,0.012568,11.679701,0.000000
43.376464,11.235411,272.800000,2024-11-06 16:11:36+00:00,0.013862,11.693563,0.000000
43.376606,11.236326,271.300000,2024-11-06 16:11:57+00:00,0.075812,11.769375,0.000000
43.376664,11.236424,271.300000,2024-11-06 16:12:00+00:00,0.010227,11.779602,0.000000
43.376757,11.236404,271.100000,2024-11-06 16:12:03+00:00,0.010459,11.790061,0.000000
43.377241,11.236008,269.100000,2024-11-06 16:12:19+00:00,0.062621,11.852682,0.000000
43.377362,11.235952,268.600000,2024-11-06 16:12:23+00:00,0.014188,11.866870,0.000000
43.377453,11.235960,267.900000,2024-11-06 16:12:25+00:00,0.010131,11.877001,0.000000
43.377560,11.236026,267.000000,2024-11-06 16:12:28+00:00,0.013036,11.890037,0.000000
43.378233,11.237338,253.500000,2024-11-06 16:12:59+00:00,0.129982,12.020019,0.000000
43.378392,11.237694,250.500000,2024-11-06 16:13:07+00:00,0.033828,12.053847,0.000000
43.378509,11.238043,247.300000,2024-11-06 16:13:14+00:00,0.031127,12.084974,0.000000
43.378657,11.238389,244.300000,2024-11-06 16:13:22+00:00,0.032505,12.117479,0.000000
43.378866,11.238649,243.100000,2024-11-06 16:13:29+00:00,0.031355,12.148834,0.000000
43.379326,11.238978,243.000000,2024-11-06 16:13:45+00:00,0.057643,12.206476,0.000000
43.379990,11.239250,243.500000,2024-11-06 16:14:10+00:00,0.076993,12.283469,0.500000
43.380181,11.239395,244.200000,2024-11-06 16:14:21+00:00,0.024256,12.307725,0.700000
43.380386,11.239639,246.100000,2024-11-06 16:14:34+00:00,0.030161,12.337887,1.900000
43.380595,11.239664,247.900000,2024-11-06 16:14:44+00:00,0.023308,12.361195,1.800000
43.380760,11.239720,249.500000,2024-11-06 16:14:52+00:00,0.018885,12.380080,1.600000
43.381054,11.239927,251.000000,2024-11-06 16:15:07+00:00,0.036719,12.416798,1.500000
43.381667,11.240422,247.600000,2024-11-06 16:15:31+00:00,0.079039,12.495838,0.000000
43.381874,11.240702,247.300000,2024-11-06 16:15:40+00:00,0.032307,12.528144,0.000000
43.381913,11.240649,248.100000,2024-11-06 16:15:41+00:00,0.006101,12.534245,0.800000
43.382191,11.241506,241.700000,2024-11-06 16:16:02+00:00,0.076005,12.610250,0.000000
43.382224,11.241661,240.700000,2024-11-06 16:16:06+00:00,0.013084,12.623334,0.000000
43.382322,11.241741,240.100000,2024-11-06 16:16:10+00:00,0.012672,12.636006,0.000000
43.382271,11.241898,239.700000,2024-11-06 16:16:13+00:00,0.013927,12.649933,0.000000
43.382322,11.241741,240.100000,2024-11-06 16:16:15+00:00,0.013927,12.663860,0.400000
43.382493,11.241187,240.600000,2024-11-06 16:16:26+00:00,0.048747,12.712607,0.500000
43.382960,11.239865,240.800000,2024-11-06 16:16:59+00:00,0.119029,12.831635,0.200000
43.383067,11.239717,240.200000,2024-11-06 16:17:02+00:00,0.016886,12.848522,0.000000
43.383333,11.239470,238.900000,2024-11-06 16:17:08+00:00,0.035693,12.884214,0.000000
43.383972,11.238907,235.300000,2024-11-06 16:17:21+00:00,0.084388,12.968602,0.000000
43.385530,11.237526,225.400000,2024-11-06 16:17:53+00:00,0.206116,13.174718,0.000000
43.385813,11.237274,224.200000,2024-11-06 16:17:58+00:00,0.037490,13.212208,0.000000
43.386051,11.237016,223.200000,2024-11-06 16:18:03+00:00,0.033708,13.245916,0.000000
43.386184,11.236795,222.600000,2024-11-06 16:18:06+00:00,0.023217,13.269132,0.000000
43.386246,11.236566,222.200000,2024-11-06 16:18:09+00:00,0.019793,13.288925,0.000000
43.386197,11.236271,221.700000,2024-11-06 16:18:13+00:00,0.024515,13.313441,0.000000
43.385854,11.235159,221.700000,2024-11-06 16:18:28+00:00,0.097831,13.411272,0.000000
43.385650,11.234555,222.300000,2024-11-06 16:18:40+00:00,0.053935,13.465206,0.600000
43.385603,11.234415,222.200000,2024-11-06 16:18:44+00:00,0.012488,13.477694,0.000000
43.385151,11.232981,225.900000,2024-11-06 16:19:25+00:00,0.126583,13.604278,3.700000
43.385055,11.232543,227.800000,2024-11-06 16:19:38+00:00,0.037059,13.641337,1.900000
43.385005,11.232128,230.100000,2024-11-06 16:19:50+00:00,0.034083,13.675420,2.300000
43.384970,11.231363,233.600000,2024-11-06 16:20:10+00:00,0.062110,13.737530,3.500000
43.385087,11.230071,236.400000,2024-11-06 16:20:41+00:00,0.105495,13.843024,2.800000
43.385167,11.229191,238.400000,2024-11-06 16:21:03+00:00,0.071858,13.914883,2.000000
43.385292,11.228258,240.700000,2024-11-06 16:21:27+00:00,0.076866,13.991748,2.300000
43.385469,11.227202,242.800000,2024-11-06 16:21:57+00:00,0.087798,14.079546,2.100000
43.385483,11.227125,242.800000,2024-11-06 16:21:59+00:00,0.006430,14.085976,0.000000
43.385608,11.226408,242.200000,2024-11-06 16:22:18+00:00,0.059735,14.145711,0.000000
43.385689,11.225969,241.200000,2024-11-06 16:22:30+00:00,0.036692,14.182403,0.000000
43.385801,11.225945,241.700000,2024-11-06 16:22:34+00:00,0.012594,14.194998,0.500000
43.386045,11.225794,243.500000,2024-11-06 16:22:43+00:00,0.029742,14.224739,1.800000
43.386324,11.225703,245.800000,2024-11-06 16:22:51+00:00,0.031862,14.256601,2.300000
43.386932,11.225500,246.100000,2024-11-06 16:23:05+00:00,0.069523,14.326124,0.300000
43.387338,11.225233,244.100000,2024-11-06 16:23:15+00:00,0.050027,14.376151,0.000000
43.387716,11.225086,243.300000,2024-11-06 16:23:26+00:00,0.043652,14.419803,0.000000
43.387908,11.224959,243.800000,2024-11-06 16:23:33+00:00,0.023684,14.443487,0.500000
43.388014,11.224838,244.100000,2024-11-06 16:23:37+00:00,0.015324,14.458810,0.300000
43.388492,11.224287,250.200000,2024-11-06 16:24:02+00:00,0.069379,14.528189,6.100000
43.388589,11.224244,251.300000,2024-11-06 16:24:08+00:00,0.011326,14.539515,1.100000
43.388684,11.224266,252.200000,2024-11-06 16:24:14+00:00,0.010704,14.550219,0.900000
43.388778,11.224393,253.400000,2024-11-06 16:24:22+00:00,0.014661,14.564880,1.200000
43.388871,11.224795,255.900000,2024-11-06 16:24:43+00:00,0.034172,14.599052,2.500000
43.388922,11.224894,256.600000,2024-11-06 16:24:48+00:00,0.009821,14.608873,0.700000
43.389075,11.224967,257.900000,2024-11-06 16:24:59+00:00,0.017998,14.626871,1.300000
43.389159,11.224953,258.600000,2024-11-06 16:25:05+00:00,0.009401,14.636272,0.700000
43.389266,11.224888,259.600000,2024-11-06 16:25:13+00:00,0.013002,14.649274,1.000000
43.389324,11.224779,260.800000,2024-11-06 16:25:20+00:00,0.010933,14.660206,1.200000
43.389377,11.224478,263.600000,2024-11-06 16:25:34+00:00,0.025089,14.685296,2.800000
43.389449,11.224368,265.100000,2024-11-06 16:25:41+00:00,0.011976,14.697271,1.500000
43.389572,11.224372,266.500000,2024-11-06 16:25:48+00:00,0.013669,14.710941,1.400000
43.389716,11.224448,268.400000,2024-11-06 16:25:58+00:00,0.017143,14.728083,1.900000
43.389772,11.224481,268.800000,2024-11-06 16:26:02+00:00,0.006772,14.734855,0.400000
43.389837,11.224301,270.200000,2024-11-06 16:26:12+00:00,0.016274,14.751129,1.400000
43.389850,11.224219,270.700000,2024-11-06 16:26:16+00:00,0.006799,14.757928,0.500000
43.389874,11.224095,271.200000,2024-11-06 16:26:23+00:00,0.010395,14.768323,0.500000
43.389899,11.223987,271.600000,2024-11-06 16:26:28+00:00,0.009181,14.777504,0.400000
43.389881,11.223797,271.900000,2024-11-06 16:26:38+00:00,0.015524,14.793028,0.300000
43.389773,11.223728,271.800000,2024-11-06 16:26:43+00:00,0.013237,14.806265,0.000000
43.389897,11.223368,270.600000,2024-11-06 16:26:52+00:00,0.032258,14.838523,0.000000
43.390020,11.223412,271.300000,2024-11-06 16:27:01+00:00,0.014123,14.852646,0.700000
43.389964,11.223211,270.300000,2024-11-06 16:27:12+00:00,0.017434,14.870080,0.000000
43.390049,11.222988,269.000000,2024-11-06 16:27:25+00:00,0.020387,14.890467,0.000000
43.390077,11.222913,268.700000,2024-11-06 16:27:29+00:00,0.006827,14.897294,0.000000
43.390242,11.222471,267.000000,2024-11-06 16:27:54+00:00,0.040231,14.937525,0.000000
43.390308,11.222433,267.700000,2024-11-06 16:27:56+00:00,0.007953,14.945478,0.700000
43.390344,11.222420,268.100000,2024-11-06 16:28:04+00:00,0.004136,14.949614,0.400000
43.390379,11.222406,268.100000,2024-11-06 16:28:11+00:00,0.004051,14.953664,0.000000
43.390414,11.222392,267.400000,2024-11-06 16:28:11+00:00,0.004051,14.957715,0.000000
43.390414,11.222392,267.400000,2024-11-06 16:28:11+00:00,0.000000,14.957715,0.000000
43.390490,11.222350,265.400000,2024-11-06 16:28:13+00:00,0.009104,14.966818,0.000000
43.390520,11.222238,262.600000,2024-11-06 16:28:15+00:00,0.009667,14.976486,0.000000
43.390455,11.221403,249.300000,2024-11-06 16:28:31+00:00,0.068038,15.044524,0.000000
43.390390,11.220568,236.000000,2024-11-06 16:28:47+00:00,0.068038,15.112562,0.000000
43.390468,11.220498,233.800000,2024-11-06 16:28:50+00:00,0.010357,15.122919,0.000000
43.390690,11.220528,229.600000,2024-11-06 16:28:55+00:00,0.024784,15.147703,0.000000
43.391169,11.220728,220.800000,2024-11-06 16:29:08+00:00,0.055629,15.203332,0.000000
43.391198,11.220610,219.100000,2024-11-06 16:29:11+00:00,0.010089,15.213421,0.000000
43.391071,11.219991,212.500000,2024-11-06 16:29:23+00:00,0.052100,15.265521,0.000000
43.391399,11.219771,209.800000,2024-11-06 16:29:32+00:00,0.040567,15.306088,0.000000
43.391370,11.219696,209.600000,2024-11-06 16:29:34+00:00,0.006878,15.312966,0.000000
43.391770,11.219404,208.600000,2024-11-06 16:29:41+00:00,0.050345,15.363311,0.000000
43.392381,11.219329,207.300000,2024-11-06 16:29:50+00:00,0.068154,15.431464,0.000000
43.392497,11.219263,207.100000,2024-11-06 16:29:53+00:00,0.013953,15.445417,0.000000
43.392631,11.219129,207.000000,2024-11-06 16:29:56+00:00,0.018426,15.463843,0.000000
43.392660,11.218826,206.300000,2024-11-06 16:30:02+00:00,0.024760,15.488603,0.000000
43.392660,11.218646,205.800000,2024-11-06 16:30:25+00:00,0.014584,15.503186,0.000000
43.392660,11.218467,205.500000,2024-11-06 16:30:26+00:00,0.014503,15.517689,0.000000
43.392236,11.217802,203.300000,2024-11-06 16:30:39+00:00,0.071567,15.589256,0.000000
43.391891,11.217374,201.400000,2024-11-06 16:30:47+00:00,0.051688,15.640944,0.000000
43.391099,11.216675,200.000000,2024-11-06 16:31:18+00:00,0.104642,15.745586,0.000000
43.390975,11.216541,200.100000,2024-11-06 16:31:24+00:00,0.017540,15.763126,0.100000
43.390780,11.216180,200.200000,2024-11-06 16:31:36+00:00,0.036399,15.799525,0.100000
43.390511,11.215976,200.800000,2024-11-06 16:31:47+00:00,0.034152,15.833677,0.600000
43.390301,11.215901,201.500000,2024-11-06 16:31:56+00:00,0.024109,15.857786,0.700000
43.390108,11.215744,202.300000,2024-11-06 16:32:05+00:00,0.024932,15.882718,0.800000
43.389838,11.215305,202.300000,2024-11-06 16:32:23+00:00,0.046530,15.929248,0.000000
43.389209,11.214460,200.900000,2024-11-06 16:32:55+00:00,0.097831,16.027079,0.000000
43.389145,11.214257,200.300000,2024-11-06 16:33:00+00:00,0.017919,16.044998,0.000000
43.389094,11.213779,199.500000,2024-11-06 16:33:11+00:00,0.039142,16.084140,0.000000
43.388970,11.213237,199.800000,2024-11-06 16:33:25+00:00,0.046026,16.130166,0.300000
43.388824,11.212998,200.000000,2024-11-06 16:33:32+00:00,0.025261,16.155427,0.200000
43.388276,11.212435,197.800000,2024-11-06 16:33:54+00:00,0.076077,16.231503,0.000000
43.387508,11.211806,196.500000,2024-11-06 16:34:24+00:00,0.099387,16.330891,0.000000
43.387097,11.211596,197.100000,2024-11-06 16:34:38+00:00,0.048730,16.379620,0.600000
43.386575,11.211562,198.000000,2024-11-06 16:34:56+00:00,0.058060,16.437680,0.900000
43.386384,11.211601,198.700000,2024-11-06 16:35:03+00:00,0.021454,16.459134,0.700000
43.385895,11.211894,199.000000,2024-11-06 16:35:22+00:00,0.059289,16.518423,0.300000
43.385531,11.212001,198.500000,2024-11-06 16:35:36+00:00,0.041359,16.559783,0.000000
43.385065,11.212084,198.000000,2024-11-06 16:35:54+00:00,0.052208,16.611990,0.000000
43.384607,11.212328,197.900000,2024-11-06 16:36:16+00:00,0.054590,16.666580,0.000000
43.384397,11.212504,198.500000,2024-11-06 16:36:27+00:00,0.027345,16.693925,0.600000
43.383761,11.212949,200.200000,2024-11-06 16:36:54+00:00,0.079329,16.773254,1.700000
43.383645,11.212972,200.400000,2024-11-06 16:36:58+00:00,0.013022,16.786275,0.200000
43.383516,11.212929,200.300000,2024-11-06 16:37:03+00:00,0.014749,16.801025,0.000000
43.383422,11.212821,199.800000,2024-11-06 16:37:07+00:00,0.013625,16.814650,0.000000
43.383435,11.212706,199.500000,2024-11-06 16:37:10+00:00,0.009430,16.824080,0.000000
43.383415,11.212386,198.900000,2024-11-06 16:37:18+00:00,0.026025,16.850106,0.000000
43.383420,11.212270,198.800000,2024-11-06 16:37:21+00:00,0.009416,16.859522,0.000000
43.383556,11.210980,197.500000,2024-11-06 16:37:52+00:00,0.105618,16.965139,0.000000
43.383726,11.209708,196.800000,2024-11-06 16:38:25+00:00,0.104789,17.069928,0.000000
43.383749,11.209520,196.700000,2024-11-06 16:38:30+00:00,0.015447,17.085375,0.000000
43.383795,11.209139,196.500000,2024-11-06 16:38:40+00:00,0.031293,17.116668,0.000000
43.384188,11.206045,196.100000,2024-11-06 16:40:02+00:00,0.254485,17.371153,0.000000
43.384233,11.205839,196.300000,2024-11-06 16:40:08+00:00,0.017425,17.388578,0.200000
43.384562,11.205180,196.500000,2024-11-06 16:40:30+00:00,0.064711,17.453289,0.200000
43.384702,11.204940,196.500000,2024-11-06 16:40:38+00:00,0.024902,17.478191,0.000000
43.386142,11.202203,197.500000,2024-11-06 16:42:14+00:00,0.273460,17.751651,1.000000
43.387747,11.199197,203.100000,2024-11-06 16:44:18+00:00,0.301864,18.053515,5.600000
43.388085,11.198650,202.700000,2024-11-06 16:44:38+00:00,0.058091,18.111606,0.000000
43.388188,11.198666,202.600000,2024-11-06 16:44:41+00:00,0.011517,18.123123,0.000000
43.388470,11.198538,202.300000,2024-11-06 16:44:47+00:00,0.033002,18.156125,0.000000
43.388698,11.198248,201.800000,2024-11-06 16:44:54+00:00,0.034551,18.190676,0.000000
43.388881,11.197883,201.300000,2024-11-06 16:45:01+00:00,0.035889,18.226565,0.000000
43.388977,11.197607,201.100000,2024-11-06 16:45:06+00:00,0.024776,18.251341,0.000000
43.388999,11.197492,201.000000,2024-11-06 16:45:08+00:00,0.009633,18.260974,0.000000
43.389024,11.197363,200.900000,2024-11-06 16:45:10+00:00,0.010815,18.271789,0.000000
43.389031,11.197031,200.400000,2024-11-06 16:45:15+00:00,0.026911,18.298700,0.000000
43.389096,11.196859,200.400000,2024-11-06 16:45:19+00:00,0.015696,18.314396,0.000000
43.389197,11.196770,200.500000,2024-11-06 16:45:22+00:00,0.013338,18.327735,0.100000
43.389165,11.196635,200.500000,2024-11-06 16:45:24+00:00,0.011502,18.339236,0.000000
43.388947,11.196112,200.300000,2024-11-06 16:45:33+00:00,0.048809,18.388045,0.000000
43.388900,11.196027,200.300000,2024-11-06 16:45:35+00:00,0.008643,18.396688,0.000000
43.388712,11.195686,200.600000,2024-11-06 16:45:46+00:00,0.034636,18.431324,0.300000
43.388602,11.195535,200.600000,2024-11-06 16:45:52+00:00,0.017293,18.448617,0.000000
43.388472,11.195360,200.900000,2024-11-06 16:45:59+00:00,0.020240,18.468857,0.300000
43.388269,11.195084,201.500000,2024-11-06 16:46:12+00:00,0.031761,18.500618,0.600000
43.387968,11.194689,203.000000,2024-11-06 16:46:30+00:00,0.046289,18.546907,1.500000
43.387859,11.194554,203.500000,2024-11-06 16:46:37+00:00,0.016319,18.563225,0.500000
43.387717,11.194403,204.000000,2024-11-06 16:46:46+00:00,0.019965,18.583190,0.500000
43.387614,11.194284,204.200000,2024-11-06 16:46:52+00:00,0.014964,18.598154,0.200000
43.387495,11.194287,204.700000,2024-11-06 16:46:58+00:00,0.013223,18.611377,0.500000
43.387144,11.194095,206.500000,2024-11-06 16:47:18+00:00,0.041985,18.653362,1.800000
43.386564,11.193400,211.300000,2024-11-06 16:48:02+00:00,0.085578,18.738940,4.800000
43.386427,11.193153,213.700000,2024-11-06 16:48:17+00:00,0.025144,18.764084,2.400000
43.386293,11.192744,216.900000,2024-11-06 16:48:39+00:00,0.036331,18.800415,3.200000
43.386132,11.192555,218.800000,2024-11-06 16:48:54+00:00,0.023547,18.823962,1.900000
43.385996,11.192448,220.500000,2024-11-06 16:49:04+00:00,0.017420,18.841383,1.700000
43.385848,11.191956,223.600000,2024-11-06 16:49:33+00:00,0.043124,18.884507,3.100000
43.385676,11.191491,227.200000,2024-11-06 16:49:57+00:00,0.042247,18.926754,3.600000
43.385791,11.190502,225.600000,2024-11-06 16:50:35+00:00,0.081150,19.007904,0.000000
43.385855,11.190409,225.500000,2024-11-06 16:50:40+00:00,0.010361,19.018264,0.000000
43.385740,11.190108,227.500000,2024-11-06 16:50:48+00:00,0.027534,19.045798,2.000000
43.385665,11.189774,229.700000,2024-11-06 16:50:55+00:00,0.028317,19.074115,2.200000
43.385643,11.189482,231.300000,2024-11-06 16:51:01+00:00,0.023786,19.097902,1.600000
43.385634,11.188656,232.600000,2024-11-06 16:51:20+00:00,0.066938,19.164839,1.300000
43.385540,11.188028,231.400000,2024-11-06 16:51:35+00:00,0.051947,19.216786,0.000000
43.385465,11.187614,231.400000,2024-11-06 16:51:45+00:00,0.034566,19.251352,0.000000
43.385322,11.186800,233.500000,2024-11-06 16:52:03+00:00,0.067844,19.319196,2.100000
43.385195,11.186443,234.700000,2024-11-06 16:52:12+00:00,0.032185,19.351381,1.200000
43.385106,11.186285,234.900000,2024-11-06 16:52:17+00:00,0.016177,19.367558,0.200000
43.384629,11.185506,235.900000,2024-11-06 16:52:40+00:00,0.082419,19.449977,1.000000
43.384270,11.184882,236.200000,2024-11-06 16:52:57+00:00,0.064401,19.514378,0.300000
43.383935,11.184231,236.900000,2024-11-06 16:53:14+00:00,0.064559,19.578937,0.700000
43.383379,11.183104,238.100000,2024-11-06 16:53:44+00:00,0.110252,19.689190,1.200000
43.383300,11.182817,238.300000,2024-11-06 16:53:51+00:00,0.024857,19.714047,0.200000
43.383200,11.182174,238.800000,2024-11-06 16:54:11+00:00,0.053275,19.767322,0.500000
43.383100,11.182164,239.400000,2024-11-06 16:54:16+00:00,0.011140,19.778462,0.600000
43.382656,11.181989,242.900000,2024-11-06 16:54:41+00:00,0.051326,19.829788,3.500000
43.382443,11.181804,245.100000,2024-11-06 16:54:57+00:00,0.028013,19.857801,2.200000
43.382340,11.181755,246.100000,2024-11-06 16:55:04+00:00,0.012113,19.869914,1.000000
43.381766,11.181801,250.400000,2024-11-06 16:55:45+00:00,0.063880,19.933794,4.300000
43.381395,11.181685,252.500000,2024-11-06 16:56:13+00:00,0.042276,19.976071,2.100000
43.381256,11.181641,253.200000,2024-11-06 16:56:24+00:00,0.015849,19.991920,0.700000
43.380642,11.181592,258.900000,2024-11-06 16:57:03+00:00,0.068331,20.060251,5.700000
43.380556,11.181531,260.000000,2024-11-06 16:57:08+00:00,0.010758,20.071008,1.100000
43.380366,11.181180,264.200000,2024-11-06 16:57:23+00:00,0.035421,20.106429,4.200000
43.380266,11.181101,265.500000,2024-11-06 16:57:27+00:00,0.012822,20.119252,1.300000
43.380170,11.181129,266.700000,2024-11-06 16:57:31+00:00,0.010904,20.130156,1.200000
43.380012,11.181118,268.600000,2024-11-06 16:57:37+00:00,0.017576,20.147732,1.900000
43.380093,11.180772,269.100000,2024-11-06 16:57:49+00:00,0.029447,20.177180,0.500000
43.380066,11.180556,268.400000,2024-11-06 16:57:55+00:00,0.017759,20.194939,0.000000
43.379975,11.180319,267.500000,2024-11-06 16:58:02+00:00,0.021704,20.216643,0.000000
43.379851,11.179711,266.400000,2024-11-06 16:58:18+00:00,0.051160,20.267803,0.000000
43.379748,11.179473,265.600000,2024-11-06 16:58:25+00:00,0.022426,20.290229,0.000000
43.379552,11.179136,264.200000,2024-11-06 16:58:36+00:00,0.034928,20.325158,0.000000
43.379301,11.178827,263.900000,2024-11-06 16:58:47+00:00,0.037479,20.362636,0.000000
43.379018,11.178274,264.200000,2024-11-06 16:59:02+00:00,0.054743,20.417380,0.300000
43.379210,11.177540,261.400000,2024-11-06 16:59:18+00:00,0.063191,20.480571,0.000000
43.379261,11.177245,259.200000,2024-11-06 16:59:25+00:00,0.024568,20.505139,0.000000
43.379243,11.177135,258.100000,2024-11-06 16:59:27+00:00,0.009136,20.514275,0.000000
43.379051,11.176730,254.200000,2024-11-06 16:59:37+00:00,0.039143,20.553418,0.000000
43.378987,11.176523,253.200000,2024-11-06 16:59:41+00:00,0.018220,20.571638,0.000000
43.378911,11.176315,253.100000,2024-11-06 16:59:47+00:00,0.018852,20.590490,0.000000
43.378904,11.176258,253.100000,2024-11-06 16:59:47+00:00,0.004684,20.595175,0.000000
43.378911,11.176219,252.700000,2024-11-06 16:59:48+00:00,0.003255,20.598429,0.000000
43.378831,11.175936,252.500000,2024-11-06 16:59:52+00:00,0.024596,20.623025,0.000000
43.378832,11.175646,252.500000,2024-11-06 16:59:56+00:00,0.023501,20.646527,0.000000
43.378997,11.174464,255.200000,2024-11-06 17:00:23+00:00,0.097525,20.744052,2.700000
43.378997,11.174274,256.100000,2024-11-06 17:00:29+00:00,0.015397,20.759449,0.900000
43.378992,11.174250,256.200000,2024-11-06 17:00:30+00:00,0.002023,20.761472,0.100000
43.378958,11.174056,257.100000,2024-11-06 17:00:37+00:00,0.016169,20.777641,0.900000
43.378535,11.173055,263.100000,2024-11-06 17:01:21+00:00,0.093749,20.871390,6.000000
43.378464,11.172837,264.300000,2024-11-06 17:01:29+00:00,0.019347,20.890737,1.200000
43.378437,11.172615,265.400000,2024-11-06 17:01:37+00:00,0.018239,20.908976,1.100000
43.378447,11.171879,267.900000,2024-11-06 17:02:01+00:00,0.059655,20.968631,2.500000
43.378984,11.171919,270.100000,2024-11-06 17:02:19+00:00,0.059749,21.028380,2.200000
43.379239,11.171890,273.100000,2024-11-06 17:02:25+00:00,0.028428,21.056808,3.000000
43.379294,11.172123,273.800000,2024-11-06 17:02:29+00:00,0.019846,21.076654,0.700000
43.379335,11.172158,273.900000,2024-11-06 17:02:30+00:00,0.005366,21.082020,0.100000
43.379472,11.172191,274.000000,2024-11-06 17:02:32+00:00,0.015454,21.097474,0.100000
43.379550,11.172190,274.100000,2024-11-06 17:02:34+00:00,0.008666,21.106140,0.100000
43.379614,11.172181,274.400000,2024-11-06 17:02:35+00:00,0.007148,21.113287,0.300000
43.379749,11.172280,274.000000,2024-11-06 17:02:38+00:00,0.017009,21.130297,0.000000
43.379938,11.172292,271.700000,2024-11-06 17:02:41+00:00,0.021020,21.151317,0.000000
43.380084,11.172184,269.200000,2024-11-06 17:02:44+00:00,0.018431,21.169748,0.000000
43.380176,11.172171,267.600000,2024-11-06 17:02:46+00:00,0.010275,21.180024,0.000000
43.380388,11.171476,263.900000,2024-11-06 17:02:54+00:00,0.061047,21.241071,0.000000
43.380491,11.171315,262.400000,2024-11-06 17:02:57+00:00,0.017354,21.258425,0.000000
43.380655,11.171227,260.700000,2024-11-06 17:02:59+00:00,0.019566,21.277991,0.000000
43.381659,11.170849,253.700000,2024-11-06 17:03:15+00:00,0.115674,21.393665,0.000000
43.382653,11.170144,249.700000,2024-11-06 17:03:33+00:00,0.124335,21.518000,0.000000
43.382726,11.170038,249.600000,2024-11-06 17:03:35+00:00,0.011813,21.529814,0.000000
43.382839,11.169760,249.400000,2024-11-06 17:03:39+00:00,0.025789,21.555603,0.000000
43.383540,11.168757,248.600000,2024-11-06 17:03:57+00:00,0.112566,21.668169,0.000000
43.384136,11.168056,246.000000,2024-11-06 17:04:11+00:00,0.087242,21.755411,0.000000
43.384382,11.167803,245.200000,2024-11-06 17:04:17+00:00,0.034165,21.789576,0.000000
43.384680,11.167652,244.800000,2024-11-06 17:04:23+00:00,0.035296,21.824873,0.000000
43.385086,11.167487,244.800000,2024-11-06 17:04:32+00:00,0.047046,21.871919,0.000000
43.385394,11.167411,245.100000,2024-11-06 17:04:39+00:00,0.034769,21.906688,0.300000
43.385813,11.167437,245.500000,2024-11-06 17:04:48+00:00,0.046599,21.953286,0.400000
43.385854,11.167397,245.500000,2024-11-06 17:04:49+00:00,0.005591,21.958877,0.000000
43.385966,11.167223,245.500000,2024-11-06 17:04:53+00:00,0.018805,21.977682,0.000000
43.386281,11.166644,244.200000,2024-11-06 17:05:05+00:00,0.058531,22.036212,0.000000
43.386461,11.166477,243.200000,2024-11-06 17:05:10+00:00,0.024146,22.060358,0.000000
43.386691,11.166348,241.800000,2024-11-06 17:05:15+00:00,0.027608,22.087966,0.000000
43.390420,11.164651,225.400000,2024-11-06 17:06:27+00:00,0.436515,22.524481,0.000000
43.390579,11.164558,225.400000,2024-11-06 17:06:31+00:00,0.019205,22.543686,0.000000
43.391522,11.164160,225.600000,2024-11-06 17:06:52+00:00,0.109618,22.653304,0.200000
43.391447,11.163532,225.200000,2024-11-06 17:07:10+00:00,0.051559,22.704863,0.000000
43.391253,11.162623,225.600000,2024-11-06 17:07:33+00:00,0.076738,22.781601,0.400000
43.391384,11.162496,225.500000,2024-11-06 17:07:38+00:00,0.017824,22.799425,0.000000
43.391736,11.162271,224.700000,2024-11-06 17:07:51+00:00,0.043148,22.842572,0.000000
43.391829,11.162236,224.300000,2024-11-06 17:07:54+00:00,0.010714,22.853287,0.000000
43.391908,11.162249,223.800000,2024-11-06 17:07:56+00:00,0.008840,22.862127,0.000000
43.391980,11.162313,223.300000,2024-11-06 17:07:59+00:00,0.009533,22.871660,0.000000
43.392422,11.163061,217.700000,2024-11-06 17:08:19+00:00,0.078001,22.949661,0.000000
43.392555,11.163220,216.100000,2024-11-06 17:08:24+00:00,0.019603,22.969264,0.000000
43.393084,11.163633,210.900000,2024-11-06 17:08:40+00:00,0.067630,23.036894,0.000000
43.393166,11.163662,210.000000,2024-11-06 17:08:43+00:00,0.009408,23.046302,0.000000
43.393267,11.163630,208.900000,2024-11-06 17:08:45+00:00,0.011517,23.057819,0.000000
43.393344,11.163534,208.000000,2024-11-06 17:08:48+00:00,0.011562,23.069381,0.000000
43.393643,11.163056,206.400000,2024-11-06 17:09:02+00:00,0.051022,23.120404,0.000000
43.393750,11.162850,206.400000,2024-11-06 17:09:05+00:00,0.020491,23.140894,0.000000
43.393939,11.162294,208.100000,2024-11-06 17:09:17+00:00,0.049700,23.190594,1.700000
43.393978,11.162124,209.300000,2024-11-06 17:09:22+00:00,0.014439,23.205033,1.200000
43.393886,11.161578,215.400000,2024-11-06 17:09:43+00:00,0.045401,23.250434,6.100000
43.393890,11.161477,216.600000,2024-11-06 17:09:47+00:00,0.008195,23.258629,1.200000
43.393992,11.161295,219.200000,2024-11-06 17:09:57+00:00,0.018597,23.277226,2.600000
43.394201,11.161109,223.100000,2024-11-06 17:10:12+00:00,0.027681,23.304907,3.900000
43.394341,11.160533,225.400000,2024-11-06 17:10:41+00:00,0.049190,23.354097,2.300000
43.394460,11.160270,226.000000,2024-11-06 17:10:55+00:00,0.025076,23.379173,0.600000
43.394918,11.159125,227.800000,2024-11-06 17:11:44+00:00,0.105804,23.484977,1.800000
43.395054,11.158744,228.800000,2024-11-06 17:11:56+00:00,0.034367,23.519344,1.000000
43.395347,11.158243,231.500000,2024-11-06 17:12:10+00:00,0.052030,23.571374,2.700000
43.395555,11.157717,228.400000,2024-11-06 17:12:19+00:00,0.048477,23.619851,0.000000
43.395833,11.157199,222.800000,2024-11-06 17:12:27+00:00,0.052107,23.671958,0.000000
43.396325,11.156413,218.200000,2024-11-06 17:12:47+00:00,0.083921,23.755879,0.000000
43.396396,11.156263,217.600000,2024-11-06 17:12:50+00:00,0.014488,23.770367,0.000000
43.396444,11.156081,217.200000,2024-11-06 17:12:54+00:00,0.015679,23.786046,0.000000
43.396494,11.155514,215.900000,2024-11-06 17:13:06+00:00,0.046270,23.832316,0.000000
43.396442,11.154982,214.600000,2024-11-06 17:13:16+00:00,0.043485,23.875802,0.000000
43.396459,11.154808,214.400000,2024-11-06 17:13:20+00:00,0.014223,23.890024,0.000000
43.396612,11.154274,213.500000,2024-11-06 17:13:32+00:00,0.046482,23.936506,0.000000
43.396726,11.153578,210.000000,2024-11-06 17:13:47+00:00,0.057791,23.994297,0.000000
43.396759,11.153232,209.000000,2024-11-06 17:13:55+00:00,0.028270,24.022566,0.000000
43.396783,11.152436,207.000000,2024-11-06 17:14:12+00:00,0.064543,24.087109,0.000000
43.396816,11.152271,206.700000,2024-11-06 17:14:16+00:00,0.013861,24.100970,0.000000
43.397518,11.150443,198.900000,2024-11-06 17:15:01+00:00,0.167375,24.268345,0.000000
43.398061,11.148884,195.400000,2024-11-06 17:15:42+00:00,0.139968,24.408313,0.000000
43.398125,11.148471,195.300000,2024-11-06 17:15:52+00:00,0.034205,24.442518,0.000000
43.398284,11.148234,195.200000,2024-11-06 17:16:01+00:00,0.026090,24.468608,0.000000
43.398930,11.147434,194.800000,2024-11-06 17:16:32+00:00,0.096702,24.565310,0.000000
43.399327,11.147091,194.500000,2024-11-06 17:16:49+00:00,0.052130,24.617440,0.000000
43.399426,11.146924,194.400000,2024-11-06 17:16:55+00:00,0.017436,24.634876,0.000000
43.399507,11.146616,194.300000,2024-11-06 17:17:03+00:00,0.026525,24.661401,0.000000
43.399647,11.145765,194.000000,2024-11-06 17:17:26+00:00,0.070673,24.732073,0.000000
43.399834,11.145168,194.000000,2024-11-06 17:17:42+00:00,0.052637,24.784710,0.000000
43.399973,11.144174,194.400000,2024-11-06 17:18:10+00:00,0.081992,24.866702,0.400000
43.400149,11.143119,195.900000,2024-11-06 17:18:46+00:00,0.087674,24.954376,1.500000
43.400242,11.142815,196.800000,2024-11-06 17:18:59+00:00,0.026707,24.981082,0.900000
43.400562,11.142015,199.700000,2024-11-06 17:19:36+00:00,0.073919,25.055001,2.900000
43.400623,11.141858,200.300000,2024-11-06 17:19:41+00:00,0.014411,25.069412,0.600000
43.400663,11.141758,200.600000,2024-11-06 17:19:44+00:00,0.009240,25.078652,0.300000
43.400800,11.141383,202.000000,2024-11-06 17:19:55+00:00,0.033978,25.112630,1.400000
43.400915,11.140915,202.900000,2024-11-06 17:20:03+00:00,0.040007,25.152638,0.900000
43.400938,11.140821,202.900000,2024-11-06 17:20:04+00:00,0.008032,25.160670,0.000000
43.400965,11.140667,202.700000,2024-11-06 17:20:06+00:00,0.012831,25.173501,0.000000
43.400976,11.140242,201.400000,2024-11-06 17:20:12+00:00,0.034450,25.207951,0.000000
43.401015,11.140081,200.200000,2024-11-06 17:20:14+00:00,0.013743,25.221694,0.000000
43.401153,11.139735,197.100000,2024-11-06 17:20:18+00:00,0.031948,25.253643,0.000000
43.401216,11.139415,194.700000,2024-11-06 17:20:22+00:00,0.026851,25.280494,0.000000
43.401192,11.139056,192.100000,2024-11-06 17:20:26+00:00,0.029204,25.309698,0.000000
43.401129,11.138872,190.700000,2024-11-06 17:20:28+00:00,0.016467,25.326165,0.000000
43.400909,11.138514,187.300000,2024-11-06 17:20:33+00:00,0.037927,25.364092,0.000000
43.400906,11.138383,186.300000,2024-11-06 17:20:35+00:00,0.010617,25.374709,0.000000
43.400946,11.138323,185.500000,2024-11-06 17:20:35+00:00,0.006586,25.381295,0.000000
43.400998,11.138309,184.900000,2024-11-06 17:20:36+00:00,0.005887,25.387183,0.000000
43.401178,11.138367,183.200000,2024-11-06 17:20:39+00:00,0.020543,25.407726,0.000000
43.401424,11.138533,182.100000,2024-11-06 17:20:43+00:00,0.030460,25.438185,0.000000
43.401615,11.138771,181.600000,2024-11-06 17:20:48+00:00,0.028671,25.466856,0.000000
43.401800,11.139004,181.000000,2024-11-06 17:20:52+00:00,0.027905,25.494761,0.000000
43.401936,11.139031,180.700000,2024-11-06 17:20:54+00:00,0.015267,25.510029,0.000000
43.402074,11.138880,180.300000,2024-11-06 17:20:57+00:00,0.019614,25.529642,0.000000
43.402153,11.138744,180.100000,2024-11-06 17:20:59+00:00,0.014086,25.543728,0.000000
43.402268,11.138490,179.900000,2024-11-06 17:21:03+00:00,0.024220,25.567948,0.000000
43.402390,11.138003,179.600000,2024-11-06 17:21:10+00:00,0.041714,25.609662,0.000000
43.402538,11.137545,179.400000,2024-11-06 17:21:16+00:00,0.040582,25.650243,0.000000
43.402693,11.137019,178.900000,2024-11-06 17:21:24+00:00,0.045958,25.696201,0.000000
43.402738,11.136846,178.600000,2024-11-06 17:21:26+00:00,0.014879,25.711080,0.000000
43.402835,11.136477,178.000000,2024-11-06 17:21:32+00:00,0.031775,25.742855,0.000000
43.403014,11.135799,176.700000,2024-11-06 17:21:42+00:00,0.058412,25.801267,0.000000
43.403050,11.135713,176.500000,2024-11-06 17:21:44+00:00,0.008033,25.809300,0.000000
43.403100,11.135670,176.300000,2024-11-06 17:21:45+00:00,0.006557,25.815856,0.000000
43.403084,11.135555,176.200000,2024-11-06 17:21:46+00:00,0.009484,25.825340,0.000000
43.403114,11.135412,176.100000,2024-11-06 17:21:48+00:00,0.012054,25.837394,0.000000
43.403196,11.135117,176.000000,2024-11-06 17:21:53+00:00,0.025574,25.862968,0.000000
43.403221,11.135049,176.000000,2024-11-06 17:21:54+00:00,0.006169,25.869137,0.000000
43.403272,11.134801,176.300000,2024-11-06 17:21:58+00:00,0.020873,25.890011,0.300000
43.403309,11.134737,176.400000,2024-11-06 17:21:59+00:00,0.006616,25.896627,0.100000
43.403379,11.134578,176.600000,2024-11-06 17:22:02+00:00,0.015046,25.911673,0.200000
43.403481,11.134434,177.000000,2024-11-06 17:22:05+00:00,0.016263,25.927936,0.400000
43.403583,11.134389,177.100000,2024-11-06 17:22:07+00:00,0.011904,25.939840,0.100000
43.403986,11.134258,177.200000,2024-11-06 17:22:18+00:00,0.046014,25.985854,0.100000
43.404089,11.134227,177.200000,2024-11-06 17:22:21+00:00,0.011716,25.997569,0.000000
43.404083,11.134164,177.300000,2024-11-06 17:22:24+00:00,0.005147,26.002716,0.100000
43.404043,11.134004,178.200000,2024-11-06 17:22:27+00:00,0.013701,26.016418,0.900000
43.403897,11.133699,180.000000,2024-11-06 17:22:35+00:00,0.029555,26.045973,1.800000
43.404047,11.133661,180.100000,2024-11-06 17:22:39+00:00,0.016947,26.062920,0.100000
43.404584,11.133557,179.000000,2024-11-06 17:22:55+00:00,0.060253,26.123173,0.000000
43.404819,11.133487,178.000000,2024-11-06 17:23:02+00:00,0.026717,26.149890,0.000000
43.404854,11.133520,177.800000,2024-11-06 17:23:04+00:00,0.004719,26.154609,0.000000
43.404819,11.133487,178.000000,2024-11-06 17:23:05+00:00,0.004719,26.159327,0.200000
43.404584,11.133557,179.000000,2024-11-06 17:23:13+00:00,0.026717,26.186045,1.000000
43.404047,11.133661,180.100000,2024-11-06 17:23:33+00:00,0.060253,26.246298,1.100000
43.404028,11.133497,180.700000,2024-11-06 17:23:39+00:00,0.013451,26.259749,0.600000
43.404037,11.133384,181.100000,2024-11-06 17:23:43+00:00,0.009208,26.268957,0.400000
43.404149,11.133086,182.500000,2024-11-06 17:23:53+00:00,0.027158,26.296115,1.400000
43.403998,11.132689,184.900000,2024-11-06 17:24:06+00:00,0.036272,26.332386,2.400000
43.403979,11.132572,185.600000,2024-11-06 17:24:10+00:00,0.009710,26.342096,0.700000
43.403988,11.132114,188.900000,2024-11-06 17:24:25+00:00,0.037114,26.379210,3.300000
43.403992,11.132002,189.300000,2024-11-06 17:24:29+00:00,0.009083,26.388293,0.400000
43.403776,11.131995,189.500000,2024-11-06 17:24:40+00:00,0.024004,26.412298,0.200000
43.403456,11.131984,188.700000,2024-11-06 17:24:55+00:00,0.035563,26.447861,0.000000
43.403495,11.130908,194.400000,2024-11-06 17:25:19+00:00,0.087269,26.535130,5.700000
43.403487,11.130769,195.000000,2024-11-06 17:25:22+00:00,0.011295,26.546425,0.600000
43.403424,11.130661,195.600000,2024-11-06 17:25:24+00:00,0.011204,26.557629,0.600000
43.402854,11.130045,197.600000,2024-11-06 17:25:40+00:00,0.080625,26.638254,2.000000
43.402725,11.129912,196.900000,2024-11-06 17:25:46+00:00,0.017930,26.656184,0.000000
43.402687,11.129748,196.500000,2024-11-06 17:25:50+00:00,0.013940,26.670123,0.000000
43.402677,11.129566,196.400000,2024-11-06 17:25:55+00:00,0.014785,26.684908,0.000000
43.402741,11.129223,196.600000,2024-11-06 17:26:04+00:00,0.028681,26.713589,0.200000
43.402830,11.129034,197.400000,2024-11-06 17:26:11+00:00,0.018226,26.731815,0.800000
43.402974,11.128288,199.600000,2024-11-06 17:26:41+00:00,0.062512,26.794327,2.200000
43.403510,11.127390,203.600000,2024-11-06 17:27:40+00:00,0.094009,26.888336,4.000000
43.403827,11.127032,204.800000,2024-11-06 17:28:09+00:00,0.045622,26.933958,1.200000
43.404199,11.126865,206.200000,2024-11-06 17:28:33+00:00,0.043487,26.977445,1.400000
43.404438,11.126893,206.900000,2024-11-06 17:28:46+00:00,0.026650,27.004095,0.700000
43.404501,11.126792,207.000000,2024-11-06 17:28:52+00:00,0.010767,27.014862,0.100000
43.404730,11.126140,207.000000,2024-11-06 17:29:20+00:00,0.058623,27.073485,0.000000
43.404851,11.125562,207.400000,2024-11-06 17:29:40+00:00,0.048712,27.122197,0.400000
43.404998,11.125214,208.000000,2024-11-06 17:29:52+00:00,0.032579,27.154775,0.600000
43.405102,11.125034,208.600000,2024-11-06 17:30:00+00:00,0.018604,27.173379,0.600000
43.405329,11.124887,209.300000,2024-11-06 17:30:11+00:00,0.027890,27.201269,0.700000
43.405402,11.124803,209.400000,2024-11-06 17:30:16+00:00,0.010587,27.211855,0.100000
43.405709,11.124016,210.000000,2024-11-06 17:30:46+00:00,0.072300,27.284155,0.600000
43.406007,11.123204,211.100000,2024-11-06 17:31:15+00:00,0.073636,27.357792,1.100000
43.406134,11.122715,211.200000,2024-11-06 17:31:32+00:00,0.042048,27.399840,0.100000
43.406170,11.122684,211.200000,2024-11-06 17:31:34+00:00,0.004723,27.404562,0.000000
43.406202,11.122713,211.200000,2024-11-06 17:31:36+00:00,0.004261,27.408824,0.000000
43.406309,11.122302,211.700000,2024-11-06 17:31:45+00:00,0.035350,27.444174,0.500000
43.406344,11.122258,211.800000,2024-11-06 17:31:47+00:00,0.005275,27.449449,0.100000
43.406351,11.122157,212.100000,2024-11-06 17:31:49+00:00,0.008218,27.457667,0.300000
43.406578,11.121204,213.800000,2024-11-06 17:32:09+00:00,0.081210,27.538877,1.700000
43.406846,11.120222,214.500000,2024-11-06 17:32:42+00:00,0.084933,27.623810,0.700000
43.407201,11.118991,215.400000,2024-11-06 17:33:23+00:00,0.107229,27.731039,0.900000
43.407657,11.118012,216.900000,2024-11-06 17:34:01+00:00,0.094101,27.825139,1.500000
43.407935,11.117356,217.900000,2024-11-06 17:34:28+00:00,0.061460,27.886600,1.000000
43.408110,11.117065,218.400000,2024-11-06 17:34:42+00:00,0.030555,27.917155,0.500000
43.408419,11.116770,219.500000,2024-11-06 17:34:59+00:00,0.041827,27.958982,1.100000
43.408471,11.116628,219.600000,2024-11-06 17:35:04+00:00,0.012871,27.971853,0.100000
43.408490,11.116439,219.800000,2024-11-06 17:35:11+00:00,0.015454,27.987307,0.200000
43.408436,11.116081,220.200000,2024-11-06 17:35:23+00:00,0.029612,28.016918,0.400000
43.408360,11.115788,220.500000,2024-11-06 17:35:34+00:00,0.025190,28.042108,0.300000
43.407991,11.114940,221.300000,2024-11-06 17:36:09+00:00,0.079991,28.122100,0.800000
43.407779,11.114249,223.600000,2024-11-06 17:36:37+00:00,0.060725,28.182824,2.300000
43.407458,11.113640,225.100000,2024-11-06 17:37:05+00:00,0.060870,28.243695,1.500000
43.407025,11.112546,226.600000,2024-11-06 17:37:46+00:00,0.100830,28.344525,1.500000
43.406868,11.111941,227.100000,2024-11-06 17:38:06+00:00,0.052017,28.396542,0.500000
43.406783,11.111598,227.300000,2024-11-06 17:38:17+00:00,0.029344,28.425887,0.200000
43.406673,11.111140,227.600000,2024-11-06 17:38:31+00:00,0.039060,28.464946,0.300000
43.406554,11.110218,228.400000,2024-11-06 17:39:01+00:00,0.075844,28.540791,0.800000
43.406607,11.108665,230.000000,2024-11-06 17:39:51+00:00,0.125933,28.666723,1.600000
43.406648,11.107721,231.200000,2024-11-06 17:40:22+00:00,0.076601,28.743324,1.200000
43.406831,11.106332,232.500000,2024-11-06 17:41:08+00:00,0.114333,28.857657,1.300000
43.406940,11.106143,232.500000,2024-11-06 17:41:16+00:00,0.019520,28.877176,0.000000
43.407806,11.105025,233.000000,2024-11-06 17:42:04+00:00,0.132128,29.009304,0.500000
43.407970,11.104777,233.100000,2024-11-06 17:42:13+00:00,0.027120,29.036425,0.100000
43.408092,11.104479,233.200000,2024-11-06 17:42:23+00:00,0.027683,29.064108,0.100000
43.408193,11.104134,233.400000,2024-11-06 17:42:34+00:00,0.030113,29.094221,0.200000
43.408632,11.102318,234.000000,2024-11-06 17:43:28+00:00,0.154969,29.249190,0.600000
43.408661,11.102058,234.000000,2024-11-06 17:43:36+00:00,0.021305,29.270495,0.000000
43.408648,11.101516,233.900000,2024-11-06 17:43:53+00:00,0.043925,29.314420,0.000000
43.408687,11.100911,233.500000,2024-11-06 17:44:12+00:00,0.049195,29.363615,0.000000
43.408888,11.100268,234.200000,2024-11-06 17:44:34+00:00,0.056668,29.420283,0.700000
43.408909,11.099571,235.000000,2024-11-06 17:44:55+00:00,0.056504,29.476787,0.800000
43.408942,11.099133,235.500000,2024-11-06 17:45:07+00:00,0.035666,29.512453,0.500000
43.408908,11.098988,235.700000,2024-11-06 17:45:11+00:00,0.012337,29.524790,0.200000
43.408653,11.098688,235.700000,2024-11-06 17:45:23+00:00,0.037324,29.562114,0.000000
43.408522,11.098263,235.300000,2024-11-06 17:45:35+00:00,0.037375,29.599489,0.000000
43.408451,11.097828,235.100000,2024-11-06 17:45:47+00:00,0.036107,29.635595,0.000000
43.408445,11.096810,235.300000,2024-11-06 17:46:13+00:00,0.082459,29.718055,0.200000
43.408392,11.096413,235.300000,2024-11-06 17:46:24+00:00,0.032691,29.750746,0.000000
43.408213,11.095720,235.000000,2024-11-06 17:46:43+00:00,0.059551,29.810297,0.000000
43.407923,11.094855,234.800000,2024-11-06 17:47:08+00:00,0.077117,29.887415,0.000000
43.407792,11.094590,234.600000,2024-11-06 17:47:17+00:00,0.025934,29.913348,0.000000
43.407473,11.094084,234.300000,2024-11-06 17:47:35+00:00,0.054184,29.967533,0.000000
43.407132,11.093483,234.200000,2024-11-06 17:47:55+00:00,0.061686,30.029218,0.000000
43.407090,11.093363,234.300000,2024-11-06 17:47:59+00:00,0.010782,30.040001,0.100000
43.407046,11.093222,234.200000,2024-11-06 17:48:03+00:00,0.012423,30.052424,0.000000
43.407020,11.093025,234.100000,2024-11-06 17:48:08+00:00,0.016216,30.068640,0.000000
43.406967,11.091891,234.200000,2024-11-06 17:48:38+00:00,0.092043,30.160684,0.100000
43.406912,11.091809,234.300000,2024-11-06 17:48:41+00:00,0.009025,30.169709,0.100000
43.406725,11.091736,234.300000,2024-11-06 17:48:48+00:00,0.021601,30.191310,0.000000
43.406694,11.091602,234.400000,2024-11-06 17:48:52+00:00,0.011387,30.202697,0.100000
43.406731,11.091271,234.500000,2024-11-06 17:49:02+00:00,0.027125,30.229822,0.100000
43.406756,11.090706,234.800000,2024-11-06 17:49:18+00:00,0.045850,30.275672,0.300000
43.406748,11.090363,234.900000,2024-11-06 17:49:29+00:00,0.027798,30.303469,0.100000
43.406735,11.090192,235.000000,2024-11-06 17:49:35+00:00,0.013926,30.317396,0.100000
43.406680,11.089344,235.400000,2024-11-06 17:50:03+00:00,0.068960,30.386356,0.400000
43.406650,11.088746,236.200000,2024-11-06 17:50:22+00:00,0.048553,30.434909,0.800000
43.406613,11.088462,236.800000,2024-11-06 17:50:31+00:00,0.023369,30.458278,0.600000
43.406540,11.088297,237.100000,2024-11-06 17:50:37+00:00,0.015634,30.473911,0.300000
43.406374,11.088119,237.400000,2024-11-06 17:50:46+00:00,0.023410,30.497321,0.300000
43.406308,11.088059,237.400000,2024-11-06 17:50:49+00:00,0.008797,30.506118,0.000000
43.406261,11.087947,237.500000,2024-11-06 17:50:53+00:00,0.010468,30.516586,0.100000
43.405799,11.086208,238.700000,2024-11-06 17:51:44+00:00,0.149923,30.666509,1.200000
43.405486,11.085318,238.600000,2024-11-06 17:52:11+00:00,0.080041,30.746550,0.000000
43.405465,11.085235,238.600000,2024-11-06 17:52:14+00:00,0.007117,30.753666,0.000000
43.405476,11.085158,238.700000,2024-11-06 17:52:16+00:00,0.006356,30.760022,0.100000
43.406862,11.084152,238.800000,2024-11-06 17:53:19+00:00,0.174218,30.934240,0.100000
43.407012,11.083954,238.800000,2024-11-06 17:53:28+00:00,0.023129,30.957369,0.000000
43.407892,11.083261,240.400000,2024-11-06 17:54:10+00:00,0.112737,31.070106,1.600000
43.408283,11.082894,240.700000,2024-11-06 17:54:30+00:00,0.052638,31.122743,0.300000
43.408783,11.082486,240.700000,2024-11-06 17:54:54+00:00,0.064637,31.187381,0.000000
43.408939,11.082330,240.700000,2024-11-06 17:55:02+00:00,0.021449,31.208829,0.000000
43.409261,11.081911,241.400000,2024-11-06 17:55:22+00:00,0.049311,31.258141,0.700000
43.409577,11.081528,243.000000,2024-11-06 17:55:43+00:00,0.046850,31.304991,1.600000
43.409730,11.081393,243.600000,2024-11-06 17:55:52+00:00,0.020212,31.325202,0.600000
43.409991,11.081266,244.400000,2024-11-06 17:56:06+00:00,0.030768,31.355970,0.800000
43.410188,11.081243,245.300000,2024-11-06 17:56:16+00:00,0.021966,31.377936,0.900000
43.410291,11.081216,245.600000,2024-11-06 17:56:20+00:00,0.011650,31.389587,0.300000
43.410444,11.081123,246.100000,2024-11-06 17:56:25+00:00,0.018593,31.408179,0.500000
43.410788,11.080950,246.900000,2024-11-06 17:56:36+00:00,0.040706,31.448886,0.800000
43.410888,11.080926,246.900000,2024-11-06 17:56:39+00:00,0.011279,31.460165,0.000000
43.411720,11.080791,244.600000,2024-11-06 17:56:55+00:00,0.093080,31.553245,0.000000
43.411761,11.080785,244.600000,2024-11-06 17:56:56+00:00,0.004581,31.557826,0.000000
43.412141,11.080737,242.400000,2024-11-06 17:57:04+00:00,0.042397,31.600223,0.000000
43.412371,11.080733,242.200000,2024-11-06 17:57:08+00:00,0.025555,31.625778,0.000000
43.412494,11.080157,241.500000,2024-11-06 17:57:17+00:00,0.048612,31.674390,0.000000
43.412567,11.079988,241.500000,2024-11-06 17:57:20+00:00,0.015910,31.690301,0.000000
43.412646,11.079927,241.500000,2024-11-06 17:57:23+00:00,0.010072,31.700373,0.000000
43.413208,11.079766,242.800000,2024-11-06 17:57:39+00:00,0.063786,31.764158,1.300000
43.413796,11.079526,246.000000,2024-11-06 17:57:56+00:00,0.068158,31.832316,3.200000
43.413905,11.079509,246.600000,2024-11-06 17:57:59+00:00,0.012188,31.844504,0.600000
43.413873,11.079341,246.300000,2024-11-06 17:58:02+00:00,0.014063,31.858568,0.000000
43.413773,11.078023,245.800000,2024-11-06 17:58:20+00:00,0.107324,31.965891,0.000000
43.413746,11.077618,245.800000,2024-11-06 17:58:25+00:00,0.032939,31.998830,0.000000
43.413756,11.077296,245.700000,2024-11-06 17:58:29+00:00,0.026103,32.024933,0.000000
43.413858,11.076864,244.200000,2024-11-06 17:58:34+00:00,0.036778,32.061711,0.000000
43.413993,11.076420,240.700000,2024-11-06 17:58:39+00:00,0.038963,32.100673,0.000000
43.414062,11.076163,239.100000,2024-11-06 17:58:42+00:00,0.022182,32.122855,0.000000
43.414040,11.075949,238.100000,2024-11-06 17:58:44+00:00,0.017504,32.140358,0.000000
43.413878,11.075582,236.400000,2024-11-06 17:58:49+00:00,0.034748,32.175107,0.000000
43.413820,11.075370,235.500000,2024-11-06 17:58:52+00:00,0.018340,32.193446,0.000000
43.413830,11.075143,234.800000,2024-11-06 17:58:54+00:00,0.018419,32.211865,0.000000
43.413915,11.074900,234.300000,2024-11-06 17:58:57+00:00,0.021829,32.233694,0.000000
43.414089,11.074632,233.600000,2024-11-06 17:59:01+00:00,0.029066,32.262761,0.000000
43.414472,11.074213,231.700000,2024-11-06 17:59:09+00:00,0.054426,32.317187,0.000000
43.414596,11.074135,231.100000,2024-11-06 17:59:12+00:00,0.015156,32.332343,0.000000
43.414675,11.074086,230.800000,2024-11-06 17:59:13+00:00,0.009632,32.341975,0.000000
43.414998,11.073991,230.300000,2024-11-06 17:59:19+00:00,0.036701,32.378677,0.000000
43.415042,11.073942,230.200000,2024-11-06 17:59:20+00:00,0.006296,32.384973,0.000000
43.415041,11.073796,229.800000,2024-11-06 17:59:21+00:00,0.006284,32.397353,0.000000
43.415058,11.073870,230.200000,2024-11-06 17:59:21+00:00,0.006096,32.391069,0.000000
43.414994,11.073748,229.400000,2024-11-06 17:59:22+00:00,0.006510,32.403863,0.000000
43.414829,11.073767,228.300000,2024-11-06 17:59:25+00:00,0.018396,32.422259,0.000000
43.414028,11.074224,222.800000,2024-11-06 17:59:40+00:00,0.096382,32.518641,0.000000
43.413782,11.074446,220.800000,2024-11-06 17:59:45+00:00,0.032715,32.551356,0.000000
43.413526,11.074746,218.700000,2024-11-06 17:59:51+00:00,0.037407,32.588763,0.000000
43.413401,11.074949,217.400000,2024-11-06 17:59:54+00:00,0.021522,32.610285,0.000000
43.413342,11.074970,216.900000,2024-11-06 17:59:55+00:00,0.006772,32.617057,0.000000
43.413294,11.074961,216.600000,2024-11-06 17:59:55+00:00,0.005382,32.622439,0.000000
43.413238,11.074890,216.000000,2024-11-06 17:59:57+00:00,0.008472,32.630911,0.000000
43.413187,11.074752,215.100000,2024-11-06 17:59:58+00:00,0.012531,32.643443,0.000000
43.413052,11.074433,212.100000,2024-11-06 18:00:02+00:00,0.029875,32.673317,0.000000
43.412963,11.074305,210.600000,2024-11-06 18:00:04+00:00,0.014326,32.687644,0.000000
43.412883,11.074236,209.600000,2024-11-06 18:00:06+00:00,0.010499,32.698143,0.000000
43.412796,11.074205,208.700000,2024-11-06 18:00:07+00:00,0.009987,32.708129,0.000000
43.412663,11.074232,207.500000,2024-11-06 18:00:09+00:00,0.014937,32.723066,0.000000
43.412138,11.074453,203.500000,2024-11-06 18:00:17+00:00,0.061013,32.784079,0.000000
43.412016,11.074454,202.700000,2024-11-06 18:00:19+00:00,0.013555,32.797634,0.000000
43.411966,11.074394,202.200000,2024-11-06 18:00:20+00:00,0.007381,32.805014,0.000000
43.411953,11.074318,201.700000,2024-11-06 18:00:21+00:00,0.006323,32.811337,0.000000
43.411950,11.074253,201.400000,2024-11-06 18:00:21+00:00,0.005275,32.816612,0.000000
43.412003,11.074161,200.700000,2024-11-06 18:00:23+00:00,0.009497,32.826109,0.000000
43.412361,11.073929,198.300000,2024-11-06 18:00:29+00:00,0.043989,32.870099,0.000000
43.412452,11.073757,197.600000,2024-11-06 18:00:31+00:00,0.017213,32.887312,0.000000
43.412548,11.073750,197.800000,2024-11-06 18:00:34+00:00,0.010681,32.897992,0.200000
43.413012,11.073188,198.200000,2024-11-06 18:00:45+00:00,0.068770,32.966763,0.400000
43.413055,11.073108,198.300000,2024-11-06 18:00:47+00:00,0.008050,32.974813,0.100000
43.413077,11.072946,198.300000,2024-11-06 18:00:49+00:00,0.013347,32.988160,0.000000
43.413081,11.072799,198.200000,2024-11-06 18:00:51+00:00,0.011914,33.000074,0.000000
43.413091,11.071944,192.800000,2024-11-06 18:01:02+00:00,0.069258,33.069331,0.000000
43.413149,11.071638,190.700000,2024-11-06 18:01:06+00:00,0.025608,33.094939,0.000000
43.413148,11.071175,188.700000,2024-11-06 18:01:13+00:00,0.037500,33.132439,0.000000
43.413177,11.071008,188.300000,2024-11-06 18:01:15+00:00,0.013904,33.146343,0.000000
43.413288,11.070973,188.100000,2024-11-06 18:01:17+00:00,0.012654,33.158997,0.000000
43.413498,11.070903,187.500000,2024-11-06 18:01:21+00:00,0.024010,33.183007,0.000000
43.413630,11.070809,187.000000,2024-11-06 18:01:24+00:00,0.016524,33.199531,0.000000
43.413876,11.070632,186.400000,2024-11-06 18:01:29+00:00,0.030862,33.230393,0.000000
43.413978,11.070589,186.200000,2024-11-06 18:01:31+00:00,0.011855,33.242248,0.000000
43.414147,11.070542,186.000000,2024-11-06 18:01:35+00:00,0.019158,33.261406,0.000000
43.414825,11.070368,185.500000,2024-11-06 18:01:50+00:00,0.076633,33.338040,0.000000
43.415550,11.070108,186.100000,2024-11-06 18:02:08+00:00,0.083255,33.421295,0.600000
43.415715,11.070073,186.300000,2024-11-06 18:02:13+00:00,0.018550,33.439844,0.200000
43.416162,11.070058,187.000000,2024-11-06 18:02:24+00:00,0.049677,33.489521,0.700000
43.416315,11.069951,187.200000,2024-11-06 18:02:31+00:00,0.019080,33.508601,0.200000
43.416383,11.069966,187.200000,2024-11-06 18:02:34+00:00,0.007652,33.516253,0.000000
43.416922,11.070100,186.800000,2024-11-06 18:02:54+00:00,0.060859,33.577112,0.000000
43.417314,11.070080,185.800000,2024-11-06 18:03:09+00:00,0.043582,33.620693,0.000000
43.417653,11.070009,184.600000,2024-11-06 18:03:21+00:00,0.038100,33.658793,0.000000
43.417851,11.070004,183.800000,2024-11-06 18:03:29+00:00,0.022002,33.680795,0.000000
43.418622,11.070350,183.500000,2024-11-06 18:04:02+00:00,0.090126,33.770920,0.000000
43.419052,11.070658,181.200000,2024-11-06 18:04:24+00:00,0.053893,33.824813,0.000000
43.419381,11.071105,178.700000,2024-11-06 18:04:45+00:00,0.051444,33.876257,0.000000
43.420389,11.071877,171.700000,2024-11-06 18:05:42+00:00,0.128259,34.004516,0.000000
43.420714,11.071987,172.700000,2024-11-06 18:05:55+00:00,0.037190,34.041707,1.000000
43.420881,11.072132,174.300000,2024-11-06 18:06:02+00:00,0.021957,34.063664,1.600000
43.421142,11.072494,179.300000,2024-11-06 18:06:14+00:00,0.041234,34.104898,5.000000
43.421303,11.072616,181.600000,2024-11-06 18:06:19+00:00,0.020434,34.125333,2.300000
43.421433,11.072645,182.900000,2024-11-06 18:06:23+00:00,0.014633,34.139965,1.300000
43.421452,11.072625,182.900000,2024-11-06 18:06:24+00:00,0.002661,34.142626,0.000000
43.421532,11.072570,183.100000,2024-11-06 18:06:26+00:00,0.009942,34.152568,0.200000
43.422438,11.071547,180.300000,2024-11-06 18:06:58+00:00,0.130365,34.282932,0.000000
43.422857,11.071234,179.700000,2024-11-06 18:07:11+00:00,0.053005,34.335937,0.000000
43.423159,11.070961,175.700000,2024-11-06 18:07:21+00:00,0.040181,34.376118,0.000000
43.423353,11.070827,173.600000,2024-11-06 18:07:27+00:00,0.024131,34.400249,0.000000
43.424187,11.070744,166.600000,2024-11-06 18:07:50+00:00,0.092902,34.493150,0.000000
43.424779,11.070593,161.900000,2024-11-06 18:08:07+00:00,0.066899,34.560049,0.000000
43.424976,11.070569,160.400000,2024-11-06 18:08:12+00:00,0.021973,34.582022,0.000000
43.425170,11.070614,159.300000,2024-11-06 18:08:18+00:00,0.021859,34.603882,0.000000
43.425344,11.070537,158.800000,2024-11-06 18:08:23+00:00,0.020312,34.624194,0.000000
43.425505,11.070514,158.300000,2024-11-06 18:08:27+00:00,0.017984,34.642178,0.000000
43.425739,11.070541,156.700000,2024-11-06 18:08:34+00:00,0.026089,34.668267,0.000000
43.426026,11.070462,154.100000,2024-11-06 18:08:43+00:00,0.032521,34.700789,0.000000
43.426389,11.070346,152.500000,2024-11-06 18:08:55+00:00,0.041409,34.742198,0.000000
43.426613,11.070220,152.200000,2024-11-06 18:09:03+00:00,0.026897,34.769095,0.000000
43.427293,11.070115,152.300000,2024-11-06 18:09:24+00:00,0.076026,34.845120,0.100000
43.427666,11.069892,152.400000,2024-11-06 18:09:37+00:00,0.045204,34.890324,0.100000
43.427750,11.069630,151.800000,2024-11-06 18:09:43+00:00,0.023177,34.913501,0.000000
43.427839,11.069177,150.900000,2024-11-06 18:09:53+00:00,0.037990,34.951491,0.000000
43.427922,11.069046,150.800000,2024-11-06 18:09:57+00:00,0.014055,34.965547,0.000000
43.428036,11.068972,150.700000,2024-11-06 18:10:01+00:00,0.014011,34.979558,0.000000
43.428310,11.068790,148.600000,2024-11-06 18:10:09+00:00,0.033821,35.013379,0.000000
43.428480,11.068600,147.200000,2024-11-06 18:10:16+00:00,0.024360,35.037739,0.000000
43.428576,11.068317,145.500000,2024-11-06 18:10:22+00:00,0.025276,35.063015,0.000000
43.428635,11.067835,141.200000,2024-11-06 18:10:32+00:00,0.039575,35.102590,0.000000
43.428720,11.067610,139.300000,2024-11-06 18:10:38+00:00,0.020521,35.123111,0.000000
43.428910,11.067270,137.200000,2024-11-06 18:10:47+00:00,0.034692,35.157803,0.000000
43.429105,11.066999,136.200000,2024-11-06 18:10:55+00:00,0.030836,35.188639,0.000000
43.429182,11.066738,135.700000,2024-11-06 18:11:01+00:00,0.022799,35.211438,0.000000
43.429242,11.066678,135.500000,2024-11-06 18:11:03+00:00,0.008249,35.219687,0.000000
43.429341,11.066646,135.200000,2024-11-06 18:11:06+00:00,0.011300,35.230987,0.000000
43.429617,11.066658,134.200000,2024-11-06 18:11:14+00:00,0.030679,35.261666,0.000000
43.429723,11.066698,133.800000,2024-11-06 18:11:18+00:00,0.012214,35.273880,0.000000
43.430376,11.067777,133.000000,2024-11-06 18:11:53+00:00,0.113562,35.387442,0.000000
43.430777,11.068347,133.000000,2024-11-06 18:12:19+00:00,0.064147,35.451589,0.000000
43.430866,11.068412,133.100000,2024-11-06 18:12:24+00:00,0.011201,35.462791,0.100000
43.430930,11.068384,133.100000,2024-11-06 18:12:28+00:00,0.007463,35.470254,0.000000
43.431567,11.067741,139.400000,2024-11-06 18:13:15+00:00,0.087859,35.558112,6.300000
43.431894,11.067562,143.700000,2024-11-06 18:13:36+00:00,0.039114,35.597227,4.300000
43.432182,11.067694,147.500000,2024-11-06 18:13:48+00:00,0.033735,35.630961,3.800000
43.432271,11.067866,149.000000,2024-11-06 18:13:54+00:00,0.017080,35.648041,1.500000
43.432284,11.068111,149.300000,2024-11-06 18:14:01+00:00,0.019889,35.667931,0.300000
43.432296,11.068276,148.900000,2024-11-06 18:14:05+00:00,0.013426,35.681356,0.000000
43.432378,11.068426,148.500000,2024-11-06 18:14:09+00:00,0.015182,35.696539,0.000000
43.432822,11.068902,148.300000,2024-11-06 18:14:23+00:00,0.062599,35.759138,0.000000
43.432961,11.068999,148.400000,2024-11-06 18:14:26+00:00,0.017325,35.776463,0.100000
43.433380,11.069410,148.200000,2024-11-06 18:14:38+00:00,0.057222,35.833686,0.000000
43.433557,11.069635,148.300000,2024-11-06 18:14:45+00:00,0.026806,35.860492,0.100000
43.433700,11.069880,148.400000,2024-11-06 18:14:51+00:00,0.025415,35.885907,0.100000
43.433930,11.070420,148.400000,2024-11-06 18:15:04+00:00,0.050641,35.936547,0.000000
43.434473,11.072286,148.700000,2024-11-06 18:15:44+00:00,0.162679,36.099227,0.300000
43.434859,11.073510,147.200000,2024-11-06 18:16:05+00:00,0.107981,36.207208,0.000000
43.435160,11.074650,145.600000,2024-11-06 18:16:22+00:00,0.098170,36.305377,0.000000
43.435668,11.077318,139.800000,2024-11-06 18:17:03+00:00,0.223260,36.528638,0.000000
43.435755,11.077612,139.300000,2024-11-06 18:17:07+00:00,0.025691,36.554328,0.000000
43.435885,11.077936,138.400000,2024-11-06 18:17:12+00:00,0.029945,36.584274,0.000000
43.436483,11.079246,131.900000,2024-11-06 18:17:33+00:00,0.125151,36.709425,0.000000
43.436740,11.080120,127.800000,2024-11-06 18:17:45+00:00,0.076304,36.785728,0.000000
43.436822,11.080313,126.900000,2024-11-06 18:17:48+00:00,0.018087,36.803816,0.000000
43.436928,11.080472,126.100000,2024-11-06 18:17:51+00:00,0.017447,36.821263,0.000000
43.439455,11.082945,122.100000,2024-11-06 18:18:59+00:00,0.344829,37.166092,0.000000
43.440237,11.083272,118.800000,2024-11-06 18:19:18+00:00,0.090825,37.256917,0.000000
43.440782,11.083459,118.800000,2024-11-06 18:19:32+00:00,0.062414,37.319331,0.000000
43.441105,11.083655,118.800000,2024-11-06 18:19:40+00:00,0.039237,37.358568,0.000000
43.441253,11.083848,118.500000,2024-11-06 18:19:44+00:00,0.022682,37.381250,0.000000
43.441648,11.084481,117.900000,2024-11-06 18:19:58+00:00,0.067468,37.448718,0.000000
43.442957,11.085758,120.400000,2024-11-06 18:20:33+00:00,0.178430,37.627148,2.500000
43.443225,11.085961,119.500000,2024-11-06 18:20:40+00:00,0.034009,37.661157,0.000000
43.443444,11.085983,118.000000,2024-11-06 18:20:46+00:00,0.024396,37.685554,0.000000
43.443749,11.085876,116.400000,2024-11-06 18:20:54+00:00,0.034975,37.720529,0.000000
43.443896,11.085691,115.600000,2024-11-06 18:21:00+00:00,0.022159,37.742688,0.000000
43.444641,11.085064,115.300000,2024-11-06 18:21:21+00:00,0.097094,37.839781,0.000000
43.444945,11.084889,115.800000,2024-11-06 18:21:28+00:00,0.036625,37.876407,0.500000
43.445325,11.084777,114.900000,2024-11-06 18:21:36+00:00,0.043181,37.919588,0.000000
43.445862,11.084745,114.000000,2024-11-06 18:21:47+00:00,0.059718,37.979306,0.000000
43.446481,11.084813,115.400000,2024-11-06 18:22:00+00:00,0.068992,38.048297,1.400000
43.446701,11.084768,115.500000,2024-11-06 18:22:05+00:00,0.024712,38.073010,0.100000
43.446803,11.084749,115.300000,2024-11-06 18:22:09+00:00,0.011436,38.084446,0.000000
43.446922,11.084671,115.200000,2024-11-06 18:22:13+00:00,0.014651,38.099097,0.000000
43.447122,11.084584,114.600000,2024-11-06 18:22:20+00:00,0.023310,38.122407,0.000000
43.447382,11.084572,113.700000,2024-11-06 18:22:26+00:00,0.028903,38.151310,0.000000
43.447507,11.084534,113.300000,2024-11-06 18:22:29+00:00,0.014224,38.165534,0.000000
43.447683,11.084430,112.900000,2024-11-06 18:22:36+00:00,0.021289,38.186823,0.000000
43.447872,11.084387,112.700000,2024-11-06 18:22:43+00:00,0.021285,38.208108,0.000000
43.448021,11.084278,112.700000,2024-11-06 18:22:50+00:00,0.018759,38.226866,0.000000
43.448849,11.083194,113.700000,2024-11-06 18:23:35+00:00,0.127129,38.353995,1.000000
43.448976,11.083043,113.900000,2024-11-06 18:23:42+00:00,0.018668,38.372663,0.200000
43.449098,11.083015,114.100000,2024-11-06 18:23:46+00:00,0.013743,38.386405,0.200000
43.449258,11.083027,114.400000,2024-11-06 18:23:53+00:00,0.017803,38.404208,0.300000
43.450556,11.083026,117.200000,2024-11-06 18:24:44+00:00,0.144210,38.548418,2.800000
43.450608,11.083030,117.200000,2024-11-06 18:24:47+00:00,0.005786,38.554204,0.000000
43.451184,11.082999,116.200000,2024-11-06 18:25:12+00:00,0.064044,38.618248,0.000000
43.451291,11.082998,116.200000,2024-11-06 18:25:17+00:00,0.011888,38.630136,0.000000
43.451547,11.082948,115.800000,2024-11-06 18:25:29+00:00,0.028728,38.658864,0.000000
43.452822,11.082346,118.000000,2024-11-06 18:26:29+00:00,0.149801,38.808665,2.200000
43.452980,11.082324,119.400000,2024-11-06 18:26:36+00:00,0.017644,38.826309,1.400000
43.452923,11.082830,119.400000,2024-11-06 18:26:45+00:00,0.041442,38.867751,0.000000
43.452934,11.083226,119.300000,2024-11-06 18:26:51+00:00,0.032075,38.899826,0.000000
43.453010,11.083708,119.100000,2024-11-06 18:26:58+00:00,0.039916,38.939743,0.000000
43.453108,11.084020,119.100000,2024-11-06 18:27:03+00:00,0.027500,38.967243,0.000000
43.453223,11.084288,119.100000,2024-11-06 18:27:08+00:00,0.025175,38.992418,0.000000
43.453297,11.084422,119.100000,2024-11-06 18:27:10+00:00,0.013610,39.006027,0.000000
43.455568,11.087542,114.000000,2024-11-06 18:28:12+00:00,0.356973,39.363001,0.000000
43.458636,11.092801,115.200000,2024-11-06 18:30:14+00:00,0.545296,39.908297,1.200000
43.458806,11.092738,116.700000,2024-11-06 18:30:24+00:00,0.019563,39.927860,1.500000
43.458793,11.092144,121.600000,2024-11-06 18:30:52+00:00,0.048095,39.975955,4.900000
43.458746,11.090615,138.000000,2024-11-06 18:32:12+00:00,0.123855,40.099810,16.400000
43.458772,11.090452,139.800000,2024-11-06 18:32:20+00:00,0.013504,40.113314,1.800000
43.459165,11.088953,145.900000,2024-11-06 18:33:35+00:00,0.128934,40.242249,6.100000
43.459384,11.088127,149.600000,2024-11-06 18:34:21+00:00,0.071139,40.313388,3.700000
43.459407,11.087498,153.800000,2024-11-06 18:34:56+00:00,0.050970,40.364358,4.200000
43.459460,11.087236,155.800000,2024-11-06 18:35:11+00:00,0.022006,40.386364,2.000000
43.459638,11.086769,160.000000,2024-11-06 18:35:40+00:00,0.042656,40.429020,4.200000
43.459691,11.086711,160.800000,2024-11-06 18:35:46+00:00,0.007530,40.436550,0.800000
43.459842,11.086665,162.800000,2024-11-06 18:35:58+00:00,0.017184,40.453735,2.000000
43.460024,11.086712,165.000000,2024-11-06 18:36:12+00:00,0.020575,40.474310,2.200000
43.460228,11.086830,167.500000,2024-11-06 18:36:29+00:00,0.024594,40.498904,2.500000
43.460321,11.086843,168.500000,2024-11-06 18:36:36+00:00,0.010386,40.509290,1.000000
43.460376,11.086810,169.000000,2024-11-06 18:36:41+00:00,0.006669,40.515959,0.500000
43.460430,11.086723,169.800000,2024-11-06 18:36:47+00:00,0.009250,40.525209,0.800000
43.460445,11.086647,170.300000,2024-11-06 18:36:51+00:00,0.006372,40.531582,0.500000
43.460314,11.086090,174.300000,2024-11-06 18:37:20+00:00,0.047369,40.578951,4.000000
43.460178,11.085897,176.000000,2024-11-06 18:37:32+00:00,0.021732,40.600683,1.700000
43.460047,11.085811,177.100000,2024-11-06 18:37:40+00:00,0.016133,40.616815,1.100000
43.459624,11.085827,180.600000,2024-11-06 18:38:07+00:00,0.047014,40.663829,3.500000
43.459436,11.085708,182.400000,2024-11-06 18:38:21+00:00,0.023001,40.686830,1.800000
43.459374,11.085725,182.900000,2024-11-06 18:38:25+00:00,0.007024,40.693854,0.500000
43.459204,11.085946,184.500000,2024-11-06 18:38:40+00:00,0.026012,40.719866,1.600000
43.459128,11.085971,185.000000,2024-11-06 18:38:45+00:00,0.008683,40.728549,0.500000
43.459075,11.085939,185.300000,2024-11-06 18:38:49+00:00,0.006433,40.734982,0.300000
43.459076,11.085862,186.000000,2024-11-06 18:38:52+00:00,0.006233,40.741214,0.700000
43.459250,11.085592,189.500000,2024-11-06 18:39:09+00:00,0.029175,40.770390,3.500000
43.459326,11.085415,191.600000,2024-11-06 18:39:18+00:00,0.016628,40.787018,2.100000
43.459337,11.085216,193.500000,2024-11-06 18:39:28+00:00,0.016152,40.803170,1.900000
43.459292,11.084638,199.700000,2024-11-06 18:39:58+00:00,0.047045,40.850214,6.200000
43.459301,11.084083,204.400000,2024-11-06 18:40:32+00:00,0.044928,40.895142,4.700000
43.459430,11.083083,209.000000,2024-11-06 18:41:28+00:00,0.082190,40.977332,4.600000
43.459508,11.082850,210.800000,2024-11-06 18:41:42+00:00,0.020753,40.998085,1.800000
43.459744,11.082445,213.100000,2024-11-06 18:42:08+00:00,0.041974,41.040059,2.300000
43.460214,11.081491,214.200000,2024-11-06 18:43:01+00:00,0.093208,41.133266,1.100000
43.460282,11.081305,214.300000,2024-11-06 18:43:10+00:00,0.016842,41.150109,0.100000
43.460307,11.081057,214.500000,2024-11-06 18:43:20+00:00,0.020262,41.170371,0.200000
43.460236,11.080847,214.600000,2024-11-06 18:43:28+00:00,0.018737,41.189107,0.100000
43.459842,11.080148,215.100000,2024-11-06 18:43:58+00:00,0.071529,41.260636,0.500000
43.459422,11.078140,221.100000,2024-11-06 18:44:51+00:00,0.169075,41.429711,6.000000
43.459129,11.077058,222.300000,2024-11-06 18:45:09+00:00,0.093422,41.523133,1.200000
43.459118,11.076823,221.400000,2024-11-06 18:45:13+00:00,0.019058,41.542192,0.000000
43.459153,11.076630,220.700000,2024-11-06 18:45:16+00:00,0.016096,41.558288,0.000000
43.459201,11.076504,220.200000,2024-11-06 18:45:18+00:00,0.011508,41.569796,0.000000
43.459565,11.076130,219.500000,2024-11-06 18:45:28+00:00,0.050514,41.620309,0.000000
43.459663,11.075998,219.600000,2024-11-06 18:45:31+00:00,0.015254,41.635563,0.100000
43.459852,11.075606,220.300000,2024-11-06 18:45:39+00:00,0.038044,41.673607,0.700000
43.460032,11.075438,221.300000,2024-11-06 18:45:46+00:00,0.024182,41.697790,1.000000
43.460312,11.075301,223.400000,2024-11-06 18:45:58+00:00,0.033025,41.730815,2.100000
43.461532,11.074997,228.500000,2024-11-06 18:46:51+00:00,0.137759,41.868574,5.100000
43.461650,11.074914,227.800000,2024-11-06 18:46:56+00:00,0.014731,41.883304,0.000000
43.461865,11.074622,225.800000,2024-11-06 18:47:06+00:00,0.033601,41.916905,0.000000
43.461898,11.074559,225.800000,2024-11-06 18:47:08+00:00,0.006280,41.923185,0.000000
43.462256,11.073658,221.000000,2024-11-06 18:47:24+00:00,0.083058,42.006243,0.000000
43.462396,11.073398,220.200000,2024-11-06 18:47:28+00:00,0.026166,42.032409,0.000000
43.462559,11.073175,219.400000,2024-11-06 18:47:33+00:00,0.025566,42.057975,0.000000
43.462634,11.073047,218.600000,2024-11-06 18:47:35+00:00,0.013294,42.071270,0.000000
43.462916,11.072066,212.000000,2024-11-06 18:47:48+00:00,0.085347,42.156617,0.000000
43.462948,11.071891,210.500000,2024-11-06 18:47:50+00:00,0.014602,42.171219,0.000000
43.462955,11.071277,205.100000,2024-11-06 18:47:57+00:00,0.049695,42.220913,0.000000
43.462987,11.071098,203.500000,2024-11-06 18:47:59+00:00,0.014916,42.235829,0.000000
43.463188,11.070267,199.500000,2024-11-06 18:48:09+00:00,0.070860,42.306689,0.000000
43.463328,11.069905,198.700000,2024-11-06 18:48:14+00:00,0.033168,42.339858,0.000000
43.463430,11.069617,198.700000,2024-11-06 18:48:18+00:00,0.025916,42.365773,0.000000
43.463803,11.068953,198.100000,2024-11-06 18:48:28+00:00,0.067858,42.433631,0.000000
43.464017,11.068639,198.400000,2024-11-06 18:48:33+00:00,0.034799,42.468430,0.300000
43.464133,11.068537,198.500000,2024-11-06 18:48:36+00:00,0.015305,42.483735,0.100000
43.464513,11.068460,198.600000,2024-11-06 18:48:45+00:00,0.042676,42.526411,0.100000
43.464771,11.068425,198.600000,2024-11-06 18:48:53+00:00,0.028804,42.555215,0.000000
43.464990,11.068297,198.600000,2024-11-06 18:49:03+00:00,0.026444,42.581659,0.000000
43.465489,11.067936,199.700000,2024-11-06 18:49:33+00:00,0.062666,42.644325,1.100000
43.465732,11.067657,202.400000,2024-11-06 18:49:51+00:00,0.035194,42.679519,2.700000
43.465943,11.067313,204.700000,2024-11-06 18:50:08+00:00,0.036393,42.715912,2.300000
43.466242,11.066670,206.700000,2024-11-06 18:50:32+00:00,0.061733,42.777645,2.000000
43.466461,11.066168,208.400000,2024-11-06 18:50:43+00:00,0.047352,42.824997,1.700000
43.466709,11.065226,206.600000,2024-11-06 18:50:57+00:00,0.081055,42.906052,0.000000
43.466801,11.064530,204.900000,2024-11-06 18:51:07+00:00,0.057241,42.963293,0.000000
43.466844,11.064442,204.600000,2024-11-06 18:51:09+00:00,0.008575,42.971868,0.000000
43.466995,11.064384,204.100000,2024-11-06 18:51:12+00:00,0.017421,42.989288,0.000000
43.467667,11.064569,203.400000,2024-11-06 18:51:28+00:00,0.076147,43.065435,0.000000
43.467803,11.064578,203.400000,2024-11-06 18:51:33+00:00,0.015127,43.080562,0.000000
43.467905,11.064519,203.500000,2024-11-06 18:51:38+00:00,0.012297,43.092859,0.100000
43.468077,11.064309,203.900000,2024-11-06 18:51:48+00:00,0.025572,43.118431,0.400000
43.468523,11.063654,207.300000,2024-11-06 18:52:22+00:00,0.072557,43.190989,3.400000
43.468737,11.063339,210.200000,2024-11-06 18:52:41+00:00,0.034857,43.225845,2.900000
43.469018,11.062844,214.600000,2024-11-06 18:53:11+00:00,0.050784,43.276630,4.400000
43.469391,11.062142,220.600000,2024-11-06 18:53:57+00:00,0.070314,43.346944,6.000000
43.469542,11.061874,222.600000,2024-11-06 18:54:14+00:00,0.027418,43.374361,2.000000
43.469826,11.061526,225.300000,2024-11-06 18:54:37+00:00,0.042291,43.416652,2.700000
43.470483,11.060721,226.900000,2024-11-06 18:55:20+00:00,0.097832,43.514484,1.600000
43.470805,11.060020,226.700000,2024-11-06 18:55:39+00:00,0.067061,43.581545,0.000000
43.470901,11.059841,226.100000,2024-11-06 18:55:43+00:00,0.017987,43.599533,0.000000
43.472022,11.058565,225.600000,2024-11-06 18:56:13+00:00,0.161776,43.761309,0.000000
43.472792,11.057619,226.700000,2024-11-06 18:56:37+00:00,0.114794,43.876102,1.100000
43.472981,11.057343,226.800000,2024-11-06 18:56:45+00:00,0.030654,43.906756,0.100000
43.473404,11.056809,227.000000,2024-11-06 18:57:03+00:00,0.063840,43.970596,0.200000
43.473601,11.056645,227.300000,2024-11-06 18:57:11+00:00,0.025595,43.996191,0.300000
43.473716,11.056598,227.400000,2024-11-06 18:57:16+00:00,0.013331,44.009522,0.100000
43.474720,11.056091,232.400000,2024-11-06 18:57:53+00:00,0.118850,44.128372,5.000000
43.474896,11.055930,233.700000,2024-11-06 18:57:59+00:00,0.023496,44.151868,1.300000
43.475505,11.054514,227.200000,2024-11-06 18:58:24+00:00,0.133056,44.284924,0.000000
43.475858,11.053514,226.100000,2024-11-06 18:58:42+00:00,0.089913,44.374837,0.000000
43.475949,11.053324,226.300000,2024-11-06 18:58:47+00:00,0.018399,44.393236,0.200000
43.476106,11.052999,228.400000,2024-11-06 18:58:58+00:00,0.031555,44.424791,2.100000
43.476411,11.052469,232.200000,2024-11-06 18:59:22+00:00,0.054654,44.479445,3.800000
43.476621,11.052206,234.100000,2024-11-06 18:59:38+00:00,0.031578,44.511023,1.900000
43.477666,11.050865,241.800000,2024-11-06 19:00:52+00:00,0.158906,44.669929,7.700000
43.478413,11.049823,244.300000,2024-11-06 19:01:36+00:00,0.118301,44.788230,2.500000
43.478557,11.049610,244.600000,2024-11-06 19:01:43+00:00,0.023514,44.811744,0.300000
43.478647,11.049430,245.200000,2024-11-06 19:01:48+00:00,0.017665,44.829409,0.600000
43.478704,11.049214,246.000000,2024-11-06 19:01:54+00:00,0.018588,44.847997,0.800000
43.478699,11.049078,246.400000,2024-11-06 19:01:56+00:00,0.011017,44.859014,0.400000
43.478565,11.048447,246.500000,2024-11-06 19:02:10+00:00,0.053178,44.912192,0.100000
43.478533,11.048168,246.300000,2024-11-06 19:02:16+00:00,0.022851,44.935043,0.000000
43.478539,11.047992,246.100000,2024-11-06 19:02:19+00:00,0.014255,44.949297,0.000000
43.478558,11.047771,245.900000,2024-11-06 19:02:23+00:00,0.018004,44.967302,0.000000
43.478752,11.046639,246.300000,2024-11-06 19:02:51+00:00,0.094087,45.061388,0.400000
43.478872,11.045567,250.900000,2024-11-06 19:03:14+00:00,0.087749,45.149137,4.600000
43.478865,11.045288,250.800000,2024-11-06 19:03:19+00:00,0.022586,45.171723,0.000000
43.478702,11.045228,250.100000,2024-11-06 19:03:22+00:00,0.018749,45.190472,0.000000
43.478506,11.045096,248.900000,2024-11-06 19:03:27+00:00,0.024254,45.214726,0.000000
43.478195,11.044830,246.900000,2024-11-06 19:03:33+00:00,0.040707,45.255433,0.000000
43.477894,11.044497,244.300000,2024-11-06 19:03:40+00:00,0.042944,45.298377,0.000000
43.477608,11.044118,242.100000,2024-11-06 19:03:47+00:00,0.044158,45.342535,0.000000
43.477345,11.043727,241.200000,2024-11-06 19:03:55+00:00,0.043064,45.385599,0.000000
43.477122,11.043336,241.700000,2024-11-06 19:04:07+00:00,0.040182,45.425781,0.500000
43.477001,11.043188,242.100000,2024-11-06 19:04:14+00:00,0.018003,45.443784,0.400000
43.476391,11.042673,246.700000,2024-11-06 19:04:51+00:00,0.079557,45.523341,4.600000
43.475727,11.042217,251.300000,2024-11-06 19:05:36+00:00,0.082483,45.605824,4.600000
43.475067,11.041881,254.200000,2024-11-06 19:06:20+00:00,0.078205,45.684028,2.900000
43.474373,11.041590,260.400000,2024-11-06 19:07:05+00:00,0.080620,45.764648,6.200000
43.474051,11.041455,263.400000,2024-11-06 19:07:27+00:00,0.037405,45.802053,3.000000
43.473420,11.041037,269.500000,2024-11-06 19:08:14+00:00,0.077837,45.879890,6.100000
43.473062,11.040775,272.200000,2024-11-06 19:08:43+00:00,0.045071,45.924961,2.700000
43.472676,11.040542,276.100000,2024-11-06 19:09:13+00:00,0.046846,45.971808,3.900000
43.472255,11.040354,281.000000,2024-11-06 19:09:39+00:00,0.049185,46.020993,4.900000
43.471705,11.040165,289.200000,2024-11-06 19:09:59+00:00,0.062991,46.083984,8.200000
43.471398,11.039185,285.100000,2024-11-06 19:10:13+00:00,0.086321,46.170305,0.000000
